spot_id	category	lineage_key
SRR33336518.29	enriched	IGHV3-20*01|IGHJ4*01|13|25137
SRR33336518.78	background	
SRR33336518.503	enriched	IGHV4-2*01|IGHJ4*01|13|77297
SRR33336518.511	background	
SRR33336518.1095	enriched	IGHV3-28*01|IGHJ4*01|12|38869
SRR33336518.1152	background	
SRR33336518.1229	enriched	IGHV3-20*01|IGHJ4*01|11|24604
SRR33336518.1456	enriched	IGHV3-20*01|IGHJ6*01|11|32467
SRR33336518.1545	enriched	IGHV4-2*01|IGHJ4*01|9|76811
SRR33336518.1881	background	
SRR33336518.2212	background	
SRR33336518.2760	enriched	IGHV3-20*01|IGHJ4*01|10|24515
SRR33336518.3391	enriched	IGHV3-20*01|IGHJ4*01|15|26600
SRR33336518.3660	enriched	IGHV4-2*01|IGHJ4*01|14|77687
SRR33336518.3786	background	
SRR33336518.3838	enriched	IGHV3-20*01|IGHJ4*01|11|24604
SRR33336518.3840	enriched	IGHV3-28*01|IGHJ4*01|11|38703
SRR33336518.3901	background	
SRR33336518.3913	background	
SRR33336518.4040	enriched	IGHV3-20*01|IGHJ6*01|10|32418
SRR33336518.4112	background	
SRR33336518.4217	enriched	IGHV3-20*01|IGHJ4*01|11|24604
SRR33336518.4590	enriched	IGHV3-20*01|IGHJ4*01|13|25137
SRR33336518.4611	enriched	IGHV3-28*01|IGHJ4*01|12|38869
SRR33336518.4991	background	
SRR33336518.5015	enriched	IGHV3-20*01|IGHJ4*01|15|26600
SRR33336518.5050	background	
SRR33336518.5087	background	
SRR33336518.5160	enriched	IGHV3-20*01|IGHJ6*01|10|32418
SRR33336518.5423	enriched	IGHV3-20*01|IGHJ4*01|11|24604
SRR33336518.5446	background	
SRR33336518.5506	background	
SRR33336518.5612	enriched	IGHV3-20*01|IGHJ4*01|10|24515
SRR33336518.5643	enriched	IGHV3-28*01|IGHJ4*01|12|38869
SRR33336518.5727	background	
SRR33336518.5870	enriched	IGHV3-20*01|IGHJ4*01|15|26600
SRR33336518.5994	enriched	IGHV4-2*01|IGHJ4*01|11|76901
SRR33336518.5995	enriched	IGHV3-20*01|IGHJ6*01|12|32617
SRR33336518.6042	background	
SRR33336518.6247	enriched	IGHV3-20*01|IGHJ4*01|12|24819
SRR33336518.6274	background	
SRR33336518.6471	background	
SRR33336518.6642	background	
SRR33336518.6712	background	
SRR33336518.6751	background	
SRR33336518.7019	enriched	IGHV3-28*01|IGHJ4*01|11|38703
SRR33336518.7043	enriched	IGHV3-20*01|IGHJ4*01|12|24819
SRR33336518.7093	enriched	IGHV3-20*01|IGHJ6*01|10|32418
SRR33336518.7278	background	
SRR33336518.7295	background	
SRR33336518.7354	enriched	IGHV3-28*01|IGHJ4*01|12|38869
SRR33336518.7587	enriched	IGHV3-20*01|IGHJ6*01|10|32418
SRR33336518.7621	enriched	IGHV4-2*01|IGHJ4*01|9|76811
SRR33336518.7730	background	
SRR33336518.7811	background	
SRR33336518.7988	enriched	IGHV3-20*01|IGHJ4*01|15|26600
SRR33336518.8000	enriched	IGHV3-28*01|IGHJ4*01|11|38703
SRR33336518.8071	enriched	IGHV4-2*01|IGHJ4*01|10|76837
SRR33336518.8094	background	
SRR33336518.8186	background	
SRR33336518.8247	background	
SRR33336518.8263	background	
SRR33336518.8606	enriched	IGHV4-2*01|IGHJ4*01|14|77687
SRR33336518.9284	enriched	IGHV4-2*01|IGHJ4*01|9|76811
SRR33336518.9299	background	
SRR33336518.9623	enriched	IGHV3-20*01|IGHJ4*01|15|26600
SRR33336518.9832	background	
SRR33336518.10124	enriched	IGHV4-2*01|IGHJ4*01|13|77297
SRR33336518.10201	background	
SRR33336518.10576	background	
SRR33336518.10582	background	
SRR33336518.10654	background	
SRR33336518.10772	enriched	IGHV3-20*01|IGHJ4*01|15|26600
SRR33336518.10814	background	
SRR33336518.10829	background	
SRR33336518.10895	background	
SRR33336518.11083	enriched	IGHV3-28*01|IGHJ4*01|11|38703
SRR33336518.11198	background	
SRR33336518.11682	background	
SRR33336518.11734	background	
SRR33336518.11834	enriched	IGHV3-20*01|IGHJ4*01|15|26600
SRR33336518.11853	background	
SRR33336518.12005	enriched	IGHV4-2*01|IGHJ4*01|13|77297
SRR33336518.12119	enriched	IGHV4-2*01|IGHJ4*01|9|76811
SRR33336518.12235	background	
SRR33336518.12328	enriched	IGHV3-20*01|IGHJ6*01|10|32418
SRR33336518.12385	enriched	IGHV3-20*01|IGHJ4*01|14|25668
SRR33336518.12543	background	
SRR33336518.12575	enriched	IGHV3-28*01|IGHJ4*01|11|38703
SRR33336518.12636	enriched	IGHV3-20*01|IGHJ4*01|12|24819
SRR33336518.12949	enriched	IGHV4-2*01|IGHJ4*01|15|78307
SRR33336518.13218	enriched	IGHV3-28*01|IGHJ4*01|12|38869
SRR33336518.13260	background	
SRR33336518.13277	enriched	IGHV4-2*01|IGHJ4*01|13|77297
SRR33336518.13431	enriched	IGHV3-20*01|IGHJ4*01|15|26600
SRR33336518.13506	background	
SRR33336518.13539	enriched	IGHV3-20*01|IGHJ4*01|13|25137
SRR33336518.13605	enriched	IGHV3-28*01|IGHJ4*01|12|38869
SRR33336518.13612	enriched	IGHV3-20*01|IGHJ4*01|9|24487
SRR33336518.13627	background	
SRR33336518.13794	background	
SRR33336518.13860	enriched	IGHV3-28*01|IGHJ4*01|11|38703
SRR33336518.14076	enriched	IGHV4-2*01|IGHJ4*01|9|76811
SRR33336518.14131	background	
SRR33336518.14375	background	
SRR33336518.14480	enriched	IGHV3-20*01|IGHJ4*01|11|24604
SRR33336518.14525	enriched	IGHV3-20*01|IGHJ4*01|15|26600
SRR33336518.14632	enriched	IGHV4-2*01|IGHJ4*01|12|77041
SRR33336518.14696	background	
SRR33336518.14747	enriched	IGHV4-2*01|IGHJ4*01|12|77041
SRR33336518.14776	enriched	IGHV3-20*01|IGHJ6*01|10|32418
SRR33336518.14778	enriched	IGHV3-20*01|IGHJ4*01|12|24819
SRR33336518.14895	background	
SRR33336518.14979	background	
SRR33336518.15201	enriched	IGHV3-20*01|IGHJ6*01|10|32418
SRR33336518.15650	background	
SRR33336518.15683	enriched	IGHV4-2*01|IGHJ4*01|15|78307
SRR33336518.15813	enriched	IGHV3-28*01|IGHJ4*01|12|38869
SRR33336518.15917	enriched	IGHV3-20*01|IGHJ6*01|10|32418
SRR33336518.15998	enriched	IGHV4-2*01|IGHJ4*01|9|76811
SRR33336518.16102	enriched	IGHV4-2*01|IGHJ4*01|10|76837
SRR33336518.16322	enriched	IGHV3-20*01|IGHJ4*01|13|25137
SRR33336518.16458	background	
SRR33336518.16803	enriched	IGHV3-20*01|IGHJ6*01|11|32467
SRR33336518.16869	background	
SRR33336518.16943	enriched	IGHV4-2*01|IGHJ4*01|12|77041
SRR33336518.17178	background	
SRR33336518.17573	enriched	IGHV3-20*01|IGHJ6*01|10|32418
SRR33336518.17600	enriched	IGHV3-20*01|IGHJ4*01|15|26600
SRR33336518.17610	enriched	IGHV3-20*01|IGHJ4*01|10|24515
SRR33336518.17631	enriched	IGHV3-20*01|IGHJ4*01|9|24487
SRR33336518.17796	enriched	IGHV4-2*01|IGHJ4*01|10|76837
SRR33336518.17873	background	
SRR33336518.17942	enriched	IGHV3-28*01|IGHJ4*01|12|38869
SRR33336518.18155	background	
SRR33336518.18194	enriched	IGHV3-20*01|IGHJ4*01|14|25668
SRR33336518.18229	background	
SRR33336518.18312	enriched	IGHV3-20*01|IGHJ4*01|12|24819
SRR33336518.18560	enriched	IGHV3-20*01|IGHJ6*01|11|32467
SRR33336518.18639	background	
SRR33336518.18699	enriched	IGHV3-20*01|IGHJ6*01|11|32467
SRR33336518.19024	enriched	IGHV4-2*01|IGHJ4*01|13|77297
SRR33336518.19071	enriched	IGHV3-28*01|IGHJ4*01|11|38703
SRR33336518.19285	background	
SRR33336518.19336	enriched	IGHV3-20*01|IGHJ4*01|15|26600
SRR33336518.19395	background	
SRR33336518.19406	background	
SRR33336518.19574	enriched	IGHV4-2*01|IGHJ6*01|11|81745
SRR33336518.19910	enriched	IGHV3-20*01|IGHJ4*01|15|26600
SRR33336518.20173	enriched	IGHV3-20*01|IGHJ6*01|10|32418
SRR33336518.20257	enriched	IGHV4-2*01|IGHJ6*01|11|81745
SRR33336518.20259	enriched	IGHV4-2*01|IGHJ6*01|11|81745
SRR33336518.20336	background	
SRR33336518.20369	enriched	IGHV3-20*01|IGHJ4*01|12|24819
SRR33336518.20380	background	
SRR33336518.20451	background	
SRR33336518.20457	background	
SRR33336518.20468	enriched	IGHV4-2*01|IGHJ4*01|13|77297
SRR33336518.20487	enriched	IGHV3-20*01|IGHJ4*01|9|24487
SRR33336518.21030	background	
SRR33336518.21186	enriched	IGHV3-20*01|IGHJ4*01|14|25668
SRR33336518.21191	enriched	IGHV3-20*01|IGHJ4*01|11|24604
SRR33336518.21478	enriched	IGHV4-2*01|IGHJ4*01|15|78307
SRR33336518.21532	background	
SRR33336518.21638	enriched	IGHV3-28*01|IGHJ4*01|12|38869
SRR33336518.21678	enriched	IGHV3-20*01|IGHJ4*01|13|25137
SRR33336518.21983	enriched	IGHV3-20*01|IGHJ4*01|12|24819
SRR33336518.22038	enriched	IGHV4-2*01|IGHJ4*01|13|77297
SRR33336518.22199	background	
SRR33336518.22344	enriched	IGHV4-2*01|IGHJ4*01|12|77041
SRR33336518.22549	enriched	IGHV3-20*01|IGHJ4*01|10|24515
SRR33336518.22619	background	
SRR33336518.22645	background	
SRR33336518.22661	enriched	IGHV4-2*01|IGHJ4*01|10|76837
SRR33336518.22738	enriched	IGHV3-28*01|IGHJ4*01|11|38703
SRR33336518.22743	background	
SRR33336518.22756	enriched	IGHV4-2*01|IGHJ4*01|9|76811
SRR33336518.22773	enriched	IGHV4-2*01|IGHJ4*01|12|77041
SRR33336518.22900	background	
SRR33336518.22921	enriched	IGHV3-28*01|IGHJ4*01|12|38869
SRR33336518.22962	background	
SRR33336518.23046	background	
SRR33336518.23080	background	
SRR33336518.23165	background	
SRR33336518.23337	background	
SRR33336518.23715	enriched	IGHV4-2*01|IGHJ4*01|15|78307
SRR33336518.23756	enriched	IGHV4-2*01|IGHJ6*01|11|81745
SRR33336518.23878	background	
SRR33336518.24158	background	
SRR33336518.24234	background	
SRR33336518.24293	enriched	IGHV4-2*01|IGHJ4*01|13|77297
SRR33336518.24305	background	
SRR33336518.24395	enriched	IGHV3-20*01|IGHJ4*01|15|26600
SRR33336518.24493	background	
SRR33336518.24588	background	
SRR33336518.24601	enriched	IGHV3-20*01|IGHJ4*01|9|24487
SRR33336518.24894	background	
SRR33336518.24903	background	
SRR33336518.25020	background	
SRR33336518.25107	background	
SRR33336518.25141	background	
SRR33336518.25254	enriched	IGHV3-20*01|IGHJ4*01|11|24604
SRR33336518.25281	enriched	IGHV3-20*01|IGHJ4*01|10|24515
SRR33336518.25370	enriched	IGHV3-28*01|IGHJ4*01|12|38869
SRR33336518.25578	background	
SRR33336518.25708	background	
SRR33336518.25737	enriched	IGHV3-20*01|IGHJ4*01|14|25668
SRR33336518.25761	enriched	IGHV3-20*01|IGHJ4*01|15|26600
SRR33336518.25815	background	
SRR33336518.26253	background	
SRR33336518.26565	enriched	IGHV4-2*01|IGHJ6*01|11|81745
SRR33336518.26651	enriched	IGHV4-2*01|IGHJ4*01|13|77297
SRR33336518.26676	background	
SRR33336518.26790	enriched	IGHV3-20*01|IGHJ4*01|9|24487
SRR33336518.26816	enriched	IGHV3-20*01|IGHJ4*01|10|24515
SRR33336518.26819	enriched	IGHV3-20*01|IGHJ6*01|11|32467
SRR33336518.26974	background	
SRR33336518.27018	enriched	IGHV3-20*01|IGHJ4*01|13|25137
SRR33336518.27037	enriched	IGHV3-20*01|IGHJ6*01|10|32418
SRR33336518.27171	background	
SRR33336518.27356	enriched	IGHV4-2*01|IGHJ4*01|10|76837
SRR33336518.27455	enriched	IGHV3-20*01|IGHJ6*01|11|32467
SRR33336518.27481	enriched	IGHV4-2*01|IGHJ4*01|15|78307
SRR33336518.27702	background	
SRR33336518.27732	background	
SRR33336518.27982	enriched	IGHV3-20*01|IGHJ6*01|12|32617
SRR33336518.28038	background	
SRR33336518.28085	enriched	IGHV4-2*01|IGHJ4*01|13|77297
SRR33336518.28544	enriched	IGHV4-2*01|IGHJ4*01|12|77041
SRR33336518.28769	enriched	IGHV3-20*01|IGHJ4*01|12|24819
SRR33336518.28867	background	
SRR33336518.28906	background	
SRR33336518.29119	background	
SRR33336518.29191	background	
SRR33336518.29273	enriched	IGHV3-20*01|IGHJ6*01|12|32617
SRR33336518.29716	background	
SRR33336518.29810	background	
SRR33336518.30473	enriched	IGHV4-2*01|IGHJ4*01|11|76901
SRR33336518.30522	enriched	IGHV3-20*01|IGHJ4*01|11|24604
SRR33336518.30975	background	
SRR33336518.31087	background	
SRR33336518.31518	enriched	IGHV3-20*01|IGHJ4*01|9|24487
SRR33336518.31566	background	
SRR33336518.31829	background	
SRR33336518.31889	background	
SRR33336518.32438	enriched	IGHV3-20*01|IGHJ6*01|10|32418
SRR33336518.32520	enriched	IGHV4-2*01|IGHJ4*01|13|77297
SRR33336518.32586	enriched	IGHV4-2*01|IGHJ4*01|15|78307
SRR33336518.32662	background	
SRR33336518.32672	background	
SRR33336518.32781	enriched	IGHV3-28*01|IGHJ4*01|12|38869
SRR33336518.32787	enriched	IGHV3-20*01|IGHJ4*01|15|26600
SRR33336518.32789	background	
SRR33336518.32793	enriched	IGHV3-20*01|IGHJ4*01|11|24604
SRR33336518.32815	enriched	IGHV3-20*01|IGHJ4*01|14|25668
SRR33336518.32886	enriched	IGHV4-2*01|IGHJ4*01|14|77687
SRR33336518.33276	background	
SRR33336518.33282	enriched	IGHV4-2*01|IGHJ4*01|13|77297
SRR33336518.33293	enriched	IGHV4-2*01|IGHJ4*01|10|76837
SRR33336518.33378	enriched	IGHV3-20*01|IGHJ4*01|9|24487
SRR33336518.33594	enriched	IGHV4-2*01|IGHJ4*01|15|78307
SRR33336518.33764	background	
SRR33336518.33766	background	
SRR33336518.33819	enriched	IGHV3-28*01|IGHJ4*01|11|38703
SRR33336518.33846	enriched	IGHV3-20*01|IGHJ4*01|15|26600
SRR33336518.34090	background	
SRR33336518.34180	enriched	IGHV3-20*01|IGHJ6*01|12|32617
SRR33336518.34394	background	
SRR33336518.34535	enriched	IGHV3-20*01|IGHJ4*01|12|24819
SRR33336518.34594	enriched	IGHV4-2*01|IGHJ6*01|11|81745
SRR33336518.34668	enriched	IGHV3-20*01|IGHJ4*01|14|25668
SRR33336518.34689	enriched	IGHV4-2*01|IGHJ4*01|15|78307
SRR33336518.34809	enriched	IGHV4-2*01|IGHJ4*01|14|77687
SRR33336518.35095	background	
SRR33336518.35422	enriched	IGHV4-2*01|IGHJ4*01|11|76901
SRR33336518.35514	background	
SRR33336518.35824	enriched	IGHV3-20*01|IGHJ4*01|14|25668
SRR33336518.36021	enriched	IGHV3-20*01|IGHJ4*01|15|26600
SRR33336518.36052	enriched	IGHV3-20*01|IGHJ4*01|12|24819
SRR33336518.36250	enriched	IGHV4-2*01|IGHJ4*01|10|76837
SRR33336518.36445	background	
SRR33336518.36485	enriched	IGHV3-20*01|IGHJ6*01|11|32467
SRR33336518.36684	enriched	IGHV4-2*01|IGHJ4*01|15|78307
SRR33336518.36824	background	
SRR33336518.36840	enriched	IGHV3-20*01|IGHJ4*01|14|25668
SRR33336518.36901	background	
SRR33336518.36932	background	
SRR33336518.37108	enriched	IGHV3-20*01|IGHJ4*01|10|24515
SRR33336518.37237	enriched	IGHV4-2*01|IGHJ4*01|12|77041
SRR33336518.37270	enriched	IGHV4-2*01|IGHJ4*01|12|77041
SRR33336518.37297	background	
SRR33336518.37749	background	
SRR33336518.37773	background	
SRR33336518.37780	enriched	IGHV3-20*01|IGHJ4*01|9|24487
SRR33336518.37902	enriched	IGHV4-2*01|IGHJ4*01|9|76811
SRR33336518.38002	background	
SRR33336518.38080	enriched	IGHV4-2*01|IGHJ4*01|10|76837
SRR33336518.38118	enriched	IGHV3-20*01|IGHJ4*01|13|25137
SRR33336518.38285	enriched	IGHV3-28*01|IGHJ4*01|11|38703
SRR33336518.38323	enriched	IGHV4-2*01|IGHJ4*01|13|77297
SRR33336518.38435	background	
SRR33336518.38497	enriched	IGHV4-2*01|IGHJ4*01|13|77297
SRR33336518.38596	enriched	IGHV4-2*01|IGHJ4*01|10|76837
SRR33336518.38740	background	
SRR33336518.38809	enriched	IGHV4-2*01|IGHJ4*01|12|77041
SRR33336518.39020	enriched	IGHV4-2*01|IGHJ4*01|9|76811
SRR33336518.39109	background	
SRR33336518.39477	enriched	IGHV3-28*01|IGHJ4*01|11|38703
SRR33336518.39487	enriched	IGHV4-2*01|IGHJ4*01|9|76811
SRR33336518.39574	enriched	IGHV4-2*01|IGHJ6*01|11|81745
SRR33336518.39575	enriched	IGHV3-20*01|IGHJ4*01|14|25668
SRR33336518.39658	enriched	IGHV4-2*01|IGHJ4*01|15|78307
SRR33336518.39681	background	
SRR33336518.39726	background	
SRR33336518.39762	background	
SRR33336518.39833	background	
SRR33336518.40037	background	
SRR33336518.40189	background	
SRR33336518.40388	enriched	IGHV4-2*01|IGHJ4*01|9|76811
SRR33336518.40482	background	
SRR33336518.40505	background	
SRR33336518.40535	enriched	IGHV4-2*01|IGHJ6*01|11|81745
SRR33336518.40705	enriched	IGHV3-20*01|IGHJ4*01|10|24515
SRR33336518.40794	enriched	IGHV3-28*01|IGHJ4*01|12|38869
SRR33336518.40810	background	
SRR33336518.40894	enriched	IGHV3-20*01|IGHJ4*01|13|25137
SRR33336518.40987	enriched	IGHV4-2*01|IGHJ4*01|10|76837
SRR33336518.40998	enriched	IGHV4-2*01|IGHJ4*01|14|77687
SRR33336518.41097	background	
SRR33336518.41160	enriched	IGHV4-2*01|IGHJ4*01|9|76811
SRR33336518.41219	enriched	IGHV4-2*01|IGHJ4*01|14|77687
SRR33336518.41362	enriched	IGHV3-28*01|IGHJ4*01|12|38869
SRR33336518.41428	enriched	IGHV3-20*01|IGHJ6*01|10|32418
SRR33336518.41432	enriched	IGHV3-20*01|IGHJ4*01|15|26600
SRR33336518.41451	enriched	IGHV3-20*01|IGHJ6*01|11|32467
SRR33336518.41609	background	
SRR33336518.41618	enriched	IGHV4-2*01|IGHJ4*01|15|78307
SRR33336518.41624	enriched	IGHV3-20*01|IGHJ4*01|10|24515
SRR33336518.41643	background	
SRR33336518.41818	enriched	IGHV3-20*01|IGHJ4*01|10|24515
SRR33336518.41871	enriched	IGHV4-2*01|IGHJ4*01|13|77297
SRR33336518.41977	enriched	IGHV3-20*01|IGHJ4*01|10|24515
SRR33336518.42057	background	
SRR33336518.42098	enriched	IGHV3-20*01|IGHJ6*01|12|32617
SRR33336518.42287	enriched	IGHV3-20*01|IGHJ4*01|15|26600
SRR33336518.42590	enriched	IGHV4-2*01|IGHJ4*01|12|77041
SRR33336518.42742	background	
SRR33336518.42982	enriched	IGHV3-20*01|IGHJ4*01|14|25668
SRR33336518.43059	enriched	IGHV3-20*01|IGHJ4*01|9|24487
SRR33336518.43067	background	
SRR33336518.43131	enriched	IGHV3-20*01|IGHJ4*01|14|25668
SRR33336518.43202	enriched	IGHV3-20*01|IGHJ4*01|11|24604
SRR33336518.43543	background	
SRR33336518.43948	enriched	IGHV3-20*01|IGHJ4*01|12|24819
SRR33336518.44069	enriched	IGHV3-28*01|IGHJ4*01|11|38703
SRR33336518.44210	background	
SRR33336518.44211	enriched	IGHV3-20*01|IGHJ6*01|10|32418
SRR33336518.44242	enriched	IGHV3-20*01|IGHJ4*01|11|24604
SRR33336518.44454	enriched	IGHV4-2*01|IGHJ4*01|14|77687
SRR33336518.44497	background	
SRR33336518.44525	background	
SRR33336518.44530	background	
SRR33336518.44685	enriched	IGHV4-2*01|IGHJ6*01|11|81745
SRR33336518.44864	enriched	IGHV3-20*01|IGHJ6*01|10|32418
SRR33336518.45137	background	
SRR33336518.45306	background	
SRR33336518.45324	background	
SRR33336518.45347	enriched	IGHV3-28*01|IGHJ4*01|12|38869
SRR33336518.45365	enriched	IGHV3-20*01|IGHJ4*01|15|26600
SRR33336518.45412	enriched	IGHV4-2*01|IGHJ4*01|10|76837
SRR33336518.45488	background	
SRR33336518.45554	enriched	IGHV3-20*01|IGHJ6*01|10|32418
SRR33336518.45594	background	
SRR33336518.45631	enriched	IGHV4-2*01|IGHJ4*01|13|77297
SRR33336518.45634	enriched	IGHV4-2*01|IGHJ4*01|9|76811
SRR33336518.45788	enriched	IGHV3-20*01|IGHJ4*01|12|24819
SRR33336518.46128	background	
SRR33336518.46145	enriched	IGHV4-2*01|IGHJ4*01|14|77687
SRR33336518.46545	background	
SRR33336518.46587	background	
SRR33336518.46711	background	
SRR33336518.46810	enriched	IGHV4-2*01|IGHJ4*01|10|76837
SRR33336518.46812	enriched	IGHV4-2*01|IGHJ4*01|10|76837
SRR33336518.46901	enriched	IGHV3-20*01|IGHJ6*01|12|32617
SRR33336518.47030	enriched	IGHV4-2*01|IGHJ4*01|15|78307
SRR33336518.47290	background	
SRR33336518.47726	enriched	IGHV4-2*01|IGHJ4*01|13|77297
SRR33336518.47857	enriched	IGHV3-20*01|IGHJ4*01|9|24487
SRR33336518.48078	background	
SRR33336518.48204	enriched	IGHV4-2*01|IGHJ4*01|15|78307
SRR33336518.48275	enriched	IGHV3-20*01|IGHJ4*01|11|24604
SRR33336518.48303	background	
SRR33336518.48567	enriched	IGHV3-20*01|IGHJ6*01|11|32467
SRR33336518.48573	background	
SRR33336518.48657	background	
SRR33336518.48698	background	
SRR33336518.49100	background	
SRR33336518.49447	enriched	IGHV4-2*01|IGHJ4*01|11|76901
SRR33336518.49449	enriched	IGHV3-20*01|IGHJ4*01|11|24604
SRR33336518.49484	background	
SRR33336518.49530	enriched	IGHV4-2*01|IGHJ4*01|9|76811
SRR33336518.49570	enriched	IGHV4-2*01|IGHJ4*01|11|76901
SRR33336518.49845	enriched	IGHV3-28*01|IGHJ4*01|12|38869
SRR33336518.49866	enriched	IGHV3-20*01|IGHJ4*01|11|24604
SRR33336518.50099	background	
SRR33336518.50155	enriched	IGHV4-2*01|IGHJ4*01|13|77297
SRR33336518.50522	background	
SRR33336518.50548	background	
SRR33336518.50555	enriched	IGHV3-20*01|IGHJ4*01|9|24487
SRR33336518.50598	background	
SRR33336518.50746	background	
SRR33336518.50804	background	
SRR33336518.51197	enriched	IGHV4-2*01|IGHJ4*01|11|76901
SRR33336518.51324	enriched	IGHV3-20*01|IGHJ6*01|10|32418
SRR33336518.51357	background	
SRR33336518.51378	enriched	IGHV3-20*01|IGHJ6*01|11|32467
SRR33336518.51545	background	
SRR33336518.51754	enriched	IGHV3-20*01|IGHJ4*01|9|24487
SRR33336518.51794	enriched	IGHV4-2*01|IGHJ6*01|11|81745
SRR33336518.51813	enriched	IGHV4-2*01|IGHJ4*01|15|78307
SRR33336518.51904	enriched	IGHV4-2*01|IGHJ4*01|12|77041
SRR33336518.52037	background	
SRR33336518.52084	enriched	IGHV3-20*01|IGHJ6*01|12|32617
SRR33336518.52100	enriched	IGHV3-28*01|IGHJ4*01|11|38703
SRR33336518.52185	background	
SRR33336518.52218	background	
SRR33336518.52394	enriched	IGHV4-2*01|IGHJ4*01|13|77297
SRR33336518.52432	enriched	IGHV3-20*01|IGHJ4*01|9|24487
SRR33336518.52837	enriched	IGHV4-2*01|IGHJ4*01|11|76901
SRR33336518.52889	enriched	IGHV4-2*01|IGHJ4*01|11|76901
SRR33336518.52937	enriched	IGHV4-2*01|IGHJ6*01|11|81745
SRR33336518.53270	enriched	IGHV3-28*01|IGHJ4*01|12|38869
SRR33336518.53284	background	
SRR33336518.53411	background	
SRR33336518.53449	enriched	IGHV4-2*01|IGHJ4*01|13|77297
SRR33336518.53474	enriched	IGHV4-2*01|IGHJ6*01|11|81745
SRR33336518.53966	background	
SRR33336518.54228	background	
SRR33336518.54258	enriched	IGHV3-28*01|IGHJ4*01|12|38869
SRR33336518.54389	enriched	IGHV3-20*01|IGHJ4*01|10|24515
SRR33336518.54490	background	
SRR33336518.54553	enriched	IGHV3-20*01|IGHJ6*01|11|32467
SRR33336518.54606	enriched	IGHV3-20*01|IGHJ4*01|15|26600
SRR33336518.55187	background	
SRR33336518.55252	background	
SRR33336518.55349	enriched	IGHV4-2*01|IGHJ4*01|14|77687
SRR33336518.55379	enriched	IGHV3-20*01|IGHJ6*01|12|32617
SRR33336518.55402	background	
SRR33336518.55557	enriched	IGHV3-28*01|IGHJ4*01|11|38703
SRR33336518.55747	enriched	IGHV3-20*01|IGHJ4*01|15|26600
SRR33336518.55806	background	
SRR33336518.55848	background	
SRR33336518.55862	enriched	IGHV4-2*01|IGHJ4*01|12|77041
SRR33336518.56062	enriched	IGHV4-2*01|IGHJ6*01|11|81745
SRR33336518.56157	enriched	IGHV4-2*01|IGHJ4*01|9|76811
SRR33336518.56201	enriched	IGHV4-2*01|IGHJ4*01|12|77041
SRR33336518.56339	enriched	IGHV4-2*01|IGHJ4*01|13|77297
SRR33336518.56418	enriched	IGHV4-2*01|IGHJ4*01|12|77041
SRR33336518.56606	enriched	IGHV3-20*01|IGHJ6*01|12|32617
SRR33336518.56645	background	
SRR33336518.56845	background	
SRR33336518.56869	enriched	IGHV3-20*01|IGHJ6*01|11|32467
SRR33336518.56888	background	
SRR33336518.56895	enriched	IGHV4-2*01|IGHJ6*01|11|81745
SRR33336518.57199	background	
SRR33336518.57206	enriched	IGHV3-28*01|IGHJ4*01|11|38703
SRR33336518.57300	enriched	IGHV3-20*01|IGHJ6*01|11|32467
SRR33336518.57330	background	
SRR33336518.57434	enriched	IGHV3-20*01|IGHJ4*01|15|26600
SRR33336518.57472	enriched	IGHV4-2*01|IGHJ4*01|13|77297
SRR33336518.57515	enriched	IGHV3-20*01|IGHJ4*01|12|24819
SRR33336518.57518	background	
SRR33336518.57523	background	
SRR33336518.57579	enriched	IGHV3-28*01|IGHJ4*01|12|38869
SRR33336518.57669	enriched	IGHV3-20*01|IGHJ4*01|10|24515
SRR33336518.57672	background	
SRR33336518.57823	enriched	IGHV3-20*01|IGHJ4*01|9|24487
SRR33336518.58028	background	
SRR33336518.58295	background	
SRR33336518.58351	background	
SRR33336518.58381	enriched	IGHV4-2*01|IGHJ6*01|11|81745
SRR33336518.58569	enriched	IGHV4-2*01|IGHJ4*01|10|76837
SRR33336518.58620	background	
SRR33336518.58762	enriched	IGHV3-20*01|IGHJ4*01|14|25668
SRR33336518.58763	enriched	IGHV4-2*01|IGHJ4*01|11|76901
SRR33336518.58778	enriched	IGHV4-2*01|IGHJ4*01|13|77297
SRR33336518.58978	enriched	IGHV3-28*01|IGHJ4*01|11|38703
SRR33336518.59095	background	
SRR33336518.59551	background	
SRR33336518.59805	background	
SRR33336518.59843	background	
SRR33336518.59886	background	
SRR33336518.59891	enriched	IGHV3-20*01|IGHJ4*01|11|24604
SRR33336518.60336	enriched	IGHV4-2*01|IGHJ4*01|14|77687
SRR33336518.60410	background	
SRR33336518.60422	enriched	IGHV3-20*01|IGHJ4*01|15|26600
SRR33336518.60463	background	
SRR33336518.60516	background	
SRR33336518.60582	enriched	IGHV3-20*01|IGHJ4*01|9|24487
SRR33336518.60611	background	
SRR33336518.60639	background	
SRR33336518.60800	background	
SRR33336518.60842	background	
SRR33336518.60867	background	
SRR33336518.60895	enriched	IGHV3-20*01|IGHJ6*01|12|32617
SRR33336518.60932	background	
SRR33336518.61091	enriched	IGHV3-28*01|IGHJ4*01|11|38703
SRR33336518.61101	background	
SRR33336518.61218	enriched	IGHV4-2*01|IGHJ4*01|13|77297
SRR33336518.61329	background	
SRR33336518.61410	enriched	IGHV4-2*01|IGHJ4*01|10|76837
SRR33336518.61545	background	
SRR33336518.61610	enriched	IGHV4-2*01|IGHJ4*01|9|76811
SRR33336518.61652	enriched	IGHV3-28*01|IGHJ4*01|12|38869
SRR33336518.61709	enriched	IGHV4-2*01|IGHJ4*01|9|76811
SRR33336518.62189	enriched	IGHV3-20*01|IGHJ4*01|14|25668
SRR33336518.62209	enriched	IGHV3-20*01|IGHJ4*01|14|25668
SRR33336518.62433	enriched	IGHV3-28*01|IGHJ4*01|12|38869
SRR33336518.62685	enriched	IGHV3-20*01|IGHJ4*01|12|24819
SRR33336518.63347	enriched	IGHV3-28*01|IGHJ4*01|11|38703
SRR33336518.63424	enriched	IGHV4-2*01|IGHJ4*01|14|77687
SRR33336518.63455	background	
SRR33336518.63503	enriched	IGHV3-20*01|IGHJ4*01|15|26600
SRR33336518.63529	background	
SRR33336518.63547	background	
SRR33336518.63624	background	
SRR33336518.63939	enriched	IGHV3-20*01|IGHJ4*01|12|24819
SRR33336518.64399	background	
SRR33336518.64437	enriched	IGHV3-20*01|IGHJ4*01|9|24487
SRR33336518.64624	background	
SRR33336518.64686	enriched	IGHV4-2*01|IGHJ4*01|9|76811
SRR33336518.64690	background	
SRR33336518.64708	background	
SRR33336518.64786	background	
SRR33336518.64828	enriched	IGHV3-20*01|IGHJ6*01|12|32617
SRR33336518.65137	enriched	IGHV4-2*01|IGHJ6*01|11|81745
SRR33336518.65202	background	
SRR33336518.65211	enriched	IGHV3-20*01|IGHJ4*01|14|25668
SRR33336518.65355	background	
SRR33336518.65430	enriched	IGHV3-20*01|IGHJ6*01|12|32617
SRR33336518.65533	background	
SRR33336518.65622	background	
SRR33336518.65662	enriched	IGHV3-20*01|IGHJ4*01|15|26600
SRR33336518.65741	background	
SRR33336518.65803	enriched	IGHV4-2*01|IGHJ4*01|15|78307
SRR33336518.65978	enriched	IGHV3-20*01|IGHJ6*01|11|32467
SRR33336518.66296	enriched	IGHV3-20*01|IGHJ4*01|15|26600
SRR33336518.66359	enriched	IGHV3-20*01|IGHJ4*01|15|26600
SRR33336518.66404	background	
SRR33336518.66432	enriched	IGHV4-2*01|IGHJ4*01|15|78307
SRR33336518.66605	enriched	IGHV3-20*01|IGHJ4*01|10|24515
SRR33336518.66680	background	
SRR33336518.66919	background	
SRR33336518.66993	enriched	IGHV3-20*01|IGHJ4*01|10|24515
SRR33336518.67020	enriched	IGHV4-2*01|IGHJ4*01|11|76901
SRR33336518.67125	enriched	IGHV3-20*01|IGHJ6*01|10|32418
SRR33336518.67154	enriched	IGHV4-2*01|IGHJ4*01|10|76837
SRR33336518.67232	enriched	IGHV3-20*01|IGHJ4*01|11|24604
SRR33336518.67268	background	
SRR33336518.67284	enriched	IGHV3-20*01|IGHJ4*01|11|24604
SRR33336518.67305	background	
SRR33336518.67390	enriched	IGHV4-2*01|IGHJ4*01|9|76811
SRR33336518.67503	enriched	IGHV3-20*01|IGHJ4*01|14|25668
SRR33336518.67591	background	
SRR33336518.67676	background	
SRR33336518.67810	enriched	IGHV4-2*01|IGHJ4*01|11|76901
SRR33336518.67840	background	
SRR33336518.68019	enriched	IGHV4-2*01|IGHJ6*01|11|81745
SRR33336518.68609	background	
SRR33336518.68692	background	
SRR33336518.68767	background	
SRR33336518.68797	background	
SRR33336518.68848	background	
SRR33336518.69149	enriched	IGHV4-2*01|IGHJ4*01|13|77297
SRR33336518.69236	enriched	IGHV3-20*01|IGHJ6*01|10|32418
SRR33336518.69301	enriched	IGHV3-20*01|IGHJ6*01|10|32418
SRR33336518.69570	enriched	IGHV4-2*01|IGHJ4*01|10|76837
SRR33336518.69770	background	
SRR33336518.70074	enriched	IGHV3-28*01|IGHJ4*01|12|38869
SRR33336518.70344	enriched	IGHV3-20*01|IGHJ4*01|12|24819
SRR33336518.70557	background	
SRR33336518.70681	background	
SRR33336518.70733	background	
SRR33336518.70772	enriched	IGHV4-2*01|IGHJ4*01|15|78307
SRR33336518.71088	enriched	IGHV3-20*01|IGHJ6*01|10|32418
SRR33336518.71091	enriched	IGHV3-20*01|IGHJ4*01|10|24515
SRR33336518.71167	enriched	IGHV3-20*01|IGHJ6*01|11|32467
SRR33336518.71236	background	
SRR33336518.71373	enriched	IGHV3-28*01|IGHJ4*01|11|38703
SRR33336518.71437	enriched	IGHV3-20*01|IGHJ4*01|14|25668
SRR33336518.71482	background	
SRR33336518.71589	background	
SRR33336518.71768	background	
SRR33336518.71815	background	
SRR33336518.71862	enriched	IGHV4-2*01|IGHJ4*01|10|76837
SRR33336518.71870	enriched	IGHV3-20*01|IGHJ4*01|13|25137
SRR33336518.71992	enriched	IGHV3-20*01|IGHJ6*01|12|32617
SRR33336518.72063	background	
SRR33336518.72086	enriched	IGHV3-20*01|IGHJ4*01|12|24819
SRR33336518.72121	enriched	IGHV3-20*01|IGHJ4*01|14|25668
SRR33336518.72136	background	
SRR33336518.72143	enriched	IGHV3-20*01|IGHJ4*01|10|24515
SRR33336518.72154	background	
SRR33336518.72180	background	
SRR33336518.72215	enriched	IGHV3-28*01|IGHJ4*01|12|38869
SRR33336518.72280	background	
SRR33336518.72295	enriched	IGHV3-20*01|IGHJ4*01|14|25668
SRR33336518.72317	enriched	IGHV3-20*01|IGHJ4*01|12|24819
SRR33336518.72328	enriched	IGHV3-28*01|IGHJ4*01|11|38703
SRR33336518.72365	enriched	IGHV3-20*01|IGHJ6*01|10|32418
SRR33336518.72432	enriched	IGHV3-20*01|IGHJ4*01|10|24515
SRR33336518.72675	enriched	IGHV4-2*01|IGHJ4*01|15|78307
SRR33336518.72736	background	
SRR33336518.72776	enriched	IGHV4-2*01|IGHJ4*01|13|77297
SRR33336518.72851	enriched	IGHV3-20*01|IGHJ4*01|11|24604
SRR33336518.72957	enriched	IGHV3-20*01|IGHJ4*01|10|24515
SRR33336518.73049	enriched	IGHV4-2*01|IGHJ4*01|13|77297
SRR33336518.73072	enriched	IGHV3-28*01|IGHJ4*01|11|38703
SRR33336518.73249	background	
SRR33336518.73307	enriched	IGHV4-2*01|IGHJ4*01|9|76811
SRR33336518.73321	enriched	IGHV3-20*01|IGHJ4*01|11|24604
SRR33336518.73322	enriched	IGHV4-2*01|IGHJ4*01|11|76901
SRR33336518.73574	background	
SRR33336518.73874	background	
SRR33336518.73971	background	
SRR33336518.74118	background	
SRR33336518.74144	background	
SRR33336518.74149	background	
SRR33336518.74349	background	
SRR33336518.74364	background	
SRR33336518.74537	background	
SRR33336518.74834	enriched	IGHV3-20*01|IGHJ4*01|14|25668
SRR33336518.74840	enriched	IGHV4-2*01|IGHJ6*01|11|81745
SRR33336518.75124	enriched	IGHV4-2*01|IGHJ4*01|11|76901
SRR33336518.75175	background	
SRR33336518.75206	enriched	IGHV4-2*01|IGHJ4*01|9|76811
SRR33336518.75344	enriched	IGHV4-2*01|IGHJ4*01|11|76901
SRR33336518.75668	enriched	IGHV3-20*01|IGHJ6*01|12|32617
SRR33336518.75858	enriched	IGHV3-20*01|IGHJ6*01|11|32467
SRR33336518.75924	enriched	IGHV4-2*01|IGHJ4*01|15|78307
SRR33336518.75943	enriched	IGHV4-2*01|IGHJ4*01|15|78307
SRR33336518.76029	enriched	IGHV3-20*01|IGHJ4*01|13|25137
SRR33336518.76069	background	
SRR33336518.76116	enriched	IGHV4-2*01|IGHJ4*01|14|77687
SRR33336518.76292	background	
SRR33336518.76373	enriched	IGHV4-2*01|IGHJ4*01|15|78307
SRR33336518.76375	enriched	IGHV4-2*01|IGHJ4*01|15|78307
SRR33336518.76527	background	
SRR33336518.76553	background	
SRR33336518.76568	background	
SRR33336518.76734	enriched	IGHV3-20*01|IGHJ4*01|11|24604
SRR33336518.76738	enriched	IGHV3-20*01|IGHJ6*01|12|32617
SRR33336518.76761	background	
SRR33336518.77106	enriched	IGHV3-28*01|IGHJ4*01|12|38869
SRR33336518.77198	background	
SRR33336518.77254	enriched	IGHV3-28*01|IGHJ4*01|12|38869
SRR33336518.77322	background	
SRR33336518.77346	enriched	IGHV3-20*01|IGHJ6*01|11|32467
SRR33336518.77523	enriched	IGHV3-20*01|IGHJ4*01|11|24604
SRR33336518.77566	background	
SRR33336518.77570	background	
SRR33336518.77611	enriched	IGHV4-2*01|IGHJ4*01|14|77687
SRR33336518.77694	background	
SRR33336518.77864	background	
SRR33336518.77896	enriched	IGHV3-20*01|IGHJ4*01|12|24819
SRR33336518.77907	enriched	IGHV4-2*01|IGHJ4*01|13|77297
SRR33336518.77918	background	
SRR33336518.77959	enriched	IGHV3-20*01|IGHJ4*01|13|25137
SRR33336518.77960	enriched	IGHV4-2*01|IGHJ4*01|9|76811
SRR33336518.78224	enriched	IGHV3-20*01|IGHJ4*01|9|24487
SRR33336518.78390	enriched	IGHV3-20*01|IGHJ4*01|14|25668
SRR33336518.78627	enriched	IGHV3-20*01|IGHJ4*01|10|24515
SRR33336518.78949	background	
SRR33336518.79005	background	
SRR33336518.79008	background	
SRR33336518.79287	enriched	IGHV3-20*01|IGHJ4*01|15|26600
SRR33336518.79325	enriched	IGHV3-20*01|IGHJ4*01|14|25668
SRR33336518.79328	background	
SRR33336518.79357	background	
SRR33336518.79373	enriched	IGHV4-2*01|IGHJ4*01|13|77297
SRR33336518.79415	enriched	IGHV4-2*01|IGHJ4*01|14|77687
SRR33336518.79464	background	
SRR33336518.79545	enriched	IGHV3-20*01|IGHJ4*01|13|25137
SRR33336518.79581	enriched	IGHV3-20*01|IGHJ4*01|11|24604
SRR33336518.79629	enriched	IGHV3-20*01|IGHJ4*01|11|24604
SRR33336518.79756	background	
SRR33336518.79774	enriched	IGHV3-20*01|IGHJ4*01|15|26600
SRR33336518.79978	enriched	IGHV4-2*01|IGHJ6*01|11|81745
SRR33336518.80131	enriched	IGHV3-28*01|IGHJ4*01|11|38703
SRR33336518.80166	enriched	IGHV3-20*01|IGHJ6*01|10|32418
SRR33336518.80238	enriched	IGHV3-20*01|IGHJ4*01|9|24487
SRR33336518.80293	enriched	IGHV3-20*01|IGHJ4*01|14|25668
SRR33336518.80479	enriched	IGHV3-20*01|IGHJ4*01|15|26600
SRR33336518.80678	enriched	IGHV4-2*01|IGHJ6*01|11|81745
SRR33336518.80694	background	
SRR33336518.80709	enriched	IGHV4-2*01|IGHJ4*01|15|78307
SRR33336518.80816	background	
SRR33336518.81081	enriched	IGHV4-2*01|IGHJ4*01|9|76811
SRR33336518.81229	background	
SRR33336518.81231	enriched	IGHV4-2*01|IGHJ4*01|11|76901
SRR33336518.81397	background	
SRR33336518.81401	background	
SRR33336518.81565	enriched	IGHV3-20*01|IGHJ6*01|11|32467
SRR33336518.81699	background	
SRR33336518.81747	enriched	IGHV3-20*01|IGHJ4*01|15|26600
SRR33336518.82037	enriched	IGHV4-2*01|IGHJ4*01|9|76811
SRR33336518.82096	background	
SRR33336518.82216	enriched	IGHV3-20*01|IGHJ4*01|12|24819
SRR33336518.82292	enriched	IGHV4-2*01|IGHJ4*01|14|77687
SRR33336518.82324	enriched	IGHV4-2*01|IGHJ4*01|14|77687
SRR33336518.82434	background	
SRR33336518.82470	enriched	IGHV4-2*01|IGHJ4*01|15|78307
SRR33336518.82500	enriched	IGHV3-20*01|IGHJ6*01|12|32617
SRR33336518.82564	background	
SRR33336518.82602	background	
SRR33336518.82848	enriched	IGHV3-20*01|IGHJ4*01|14|25668
SRR33336518.82865	enriched	IGHV4-2*01|IGHJ4*01|11|76901
SRR33336518.82867	enriched	IGHV3-20*01|IGHJ4*01|14|25668
SRR33336518.82935	enriched	IGHV4-2*01|IGHJ4*01|9|76811
SRR33336518.82999	enriched	IGHV3-20*01|IGHJ4*01|15|26600
SRR33336518.83158	background	
SRR33336518.83257	background	
SRR33336518.83479	background	
SRR33336518.84236	enriched	IGHV3-20*01|IGHJ4*01|10|24515
SRR33336518.84323	enriched	IGHV4-2*01|IGHJ4*01|15|78307
SRR33336518.84559	enriched	IGHV3-20*01|IGHJ6*01|11|32467
SRR33336518.84923	enriched	IGHV3-28*01|IGHJ4*01|11|38703
SRR33336518.84926	enriched	IGHV4-2*01|IGHJ4*01|13|77297
SRR33336518.84964	enriched	IGHV4-2*01|IGHJ4*01|12|77041
SRR33336518.85178	enriched	IGHV3-20*01|IGHJ4*01|12|24819
SRR33336518.85191	enriched	IGHV4-2*01|IGHJ4*01|14|77687
SRR33336518.85229	background	
SRR33336518.85368	background	
SRR33336518.85377	background	
SRR33336518.85437	enriched	IGHV3-20*01|IGHJ6*01|12|32617
SRR33336518.85462	enriched	IGHV3-20*01|IGHJ4*01|12|24819
SRR33336518.85601	enriched	IGHV4-2*01|IGHJ4*01|12|77041
SRR33336518.85625	background	
SRR33336518.86027	background	
SRR33336518.86059	background	
SRR33336518.86123	background	
SRR33336518.86126	enriched	IGHV4-2*01|IGHJ6*01|11|81745
SRR33336518.86205	enriched	IGHV3-20*01|IGHJ4*01|12|24819
SRR33336518.86245	enriched	IGHV3-20*01|IGHJ4*01|9|24487
SRR33336518.86290	enriched	IGHV4-2*01|IGHJ4*01|15|78307
SRR33336518.86373	enriched	IGHV4-2*01|IGHJ6*01|11|81745
SRR33336518.86380	enriched	IGHV3-20*01|IGHJ6*01|10|32418
SRR33336518.86473	background	
SRR33336518.86508	enriched	IGHV3-20*01|IGHJ6*01|12|32617
SRR33336518.86566	background	
SRR33336518.86572	enriched	IGHV3-20*01|IGHJ6*01|12|32617
SRR33336518.86706	enriched	IGHV3-28*01|IGHJ4*01|11|38703
SRR33336518.86749	enriched	IGHV3-28*01|IGHJ4*01|11|38703
SRR33336518.86835	enriched	IGHV3-20*01|IGHJ4*01|11|24604
SRR33336518.86994	background	
SRR33336518.87137	enriched	IGHV4-2*01|IGHJ4*01|10|76837
SRR33336518.87202	enriched	IGHV3-20*01|IGHJ4*01|9|24487
SRR33336518.87510	enriched	IGHV4-2*01|IGHJ6*01|11|81745
SRR33336518.87571	background	
SRR33336518.87581	enriched	IGHV3-28*01|IGHJ4*01|11|38703
SRR33336518.87593	enriched	IGHV3-20*01|IGHJ6*01|10|32418
SRR33336518.87773	enriched	IGHV4-2*01|IGHJ4*01|13|77297
SRR33336518.87808	background	
SRR33336518.87935	enriched	IGHV4-2*01|IGHJ4*01|14|77687
SRR33336518.88167	enriched	IGHV3-28*01|IGHJ4*01|11|38703
SRR33336518.88379	enriched	IGHV4-2*01|IGHJ4*01|15|78307
SRR33336518.88388	enriched	IGHV3-20*01|IGHJ4*01|12|24819
SRR33336518.88410	enriched	IGHV4-2*01|IGHJ4*01|15|78307
SRR33336518.88489	enriched	IGHV4-2*01|IGHJ4*01|12|77041
SRR33336518.88830	background	
SRR33336518.88841	enriched	IGHV4-2*01|IGHJ4*01|9|76811
SRR33336518.88854	background	
SRR33336518.88901	background	
SRR33336518.88990	background	
SRR33336518.89314	enriched	IGHV3-20*01|IGHJ4*01|12|24819
SRR33336518.89419	enriched	IGHV3-20*01|IGHJ4*01|14|25668
SRR33336518.89628	enriched	IGHV3-20*01|IGHJ6*01|10|32418
SRR33336518.89635	background	
SRR33336518.89895	background	
SRR33336518.89999	enriched	IGHV4-2*01|IGHJ4*01|11|76901
SRR33336518.90105	enriched	IGHV4-2*01|IGHJ4*01|14|77687
SRR33336518.90252	enriched	IGHV3-20*01|IGHJ4*01|9|24487
SRR33336518.90280	enriched	IGHV3-20*01|IGHJ6*01|12|32617
SRR33336518.90408	enriched	IGHV3-20*01|IGHJ6*01|10|32418
SRR33336518.90462	enriched	IGHV3-20*01|IGHJ4*01|12|24819
SRR33336518.90553	background	
SRR33336518.90586	enriched	IGHV3-20*01|IGHJ6*01|11|32467
SRR33336518.90634	enriched	IGHV4-2*01|IGHJ4*01|9|76811
SRR33336518.90775	enriched	IGHV3-20*01|IGHJ4*01|12|24819
SRR33336518.90787	enriched	IGHV4-2*01|IGHJ4*01|9|76811
SRR33336518.90791	enriched	IGHV4-2*01|IGHJ4*01|13|77297
SRR33336518.90937	background	
SRR33336518.91019	background	
SRR33336518.91130	enriched	IGHV3-20*01|IGHJ4*01|11|24604
SRR33336518.91284	background	
SRR33336518.91306	background	
SRR33336518.91401	enriched	IGHV3-20*01|IGHJ4*01|11|24604
SRR33336518.91455	enriched	IGHV4-2*01|IGHJ4*01|10|76837
SRR33336518.91607	background	
SRR33336518.91741	background	
SRR33336518.91742	background	
SRR33336518.91838	background	
SRR33336518.92160	enriched	IGHV4-2*01|IGHJ4*01|14|77687
SRR33336518.92185	enriched	IGHV4-2*01|IGHJ4*01|10|76837
SRR33336518.92421	enriched	IGHV4-2*01|IGHJ4*01|10|76837
SRR33336518.92433	enriched	IGHV4-2*01|IGHJ4*01|12|77041
SRR33336518.92531	enriched	IGHV4-2*01|IGHJ4*01|10|76837
SRR33336518.92592	enriched	IGHV4-2*01|IGHJ4*01|13|77297
SRR33336518.92745	enriched	IGHV3-20*01|IGHJ4*01|14|25668
SRR33336518.92808	background	
SRR33336518.92934	background	
SRR33336518.93052	enriched	IGHV4-2*01|IGHJ4*01|14|77687
SRR33336518.93058	enriched	IGHV3-20*01|IGHJ6*01|12|32617
SRR33336518.93087	enriched	IGHV3-20*01|IGHJ4*01|10|24515
SRR33336518.93123	background	
SRR33336518.93146	background	
SRR33336518.93214	background	
SRR33336518.93275	background	
SRR33336518.93326	enriched	IGHV3-20*01|IGHJ4*01|15|26600
SRR33336518.93641	background	
SRR33336518.93674	enriched	IGHV3-20*01|IGHJ6*01|12|32617
SRR33336518.93789	background	
SRR33336518.93911	background	
SRR33336518.94067	enriched	IGHV4-2*01|IGHJ4*01|14|77687
SRR33336518.94676	background	
SRR33336518.94745	background	
SRR33336518.94839	enriched	IGHV3-20*01|IGHJ4*01|13|25137
SRR33336518.94918	enriched	IGHV3-20*01|IGHJ4*01|9|24487
SRR33336518.94929	enriched	IGHV4-2*01|IGHJ4*01|14|77687
SRR33336518.94987	enriched	IGHV3-20*01|IGHJ4*01|9|24487
SRR33336518.95086	background	
SRR33336518.95193	enriched	IGHV3-28*01|IGHJ4*01|11|38703
SRR33336518.95390	background	
SRR33336518.95477	background	
SRR33336518.95633	enriched	IGHV3-20*01|IGHJ6*01|10|32418
SRR33336518.95915	enriched	IGHV3-20*01|IGHJ4*01|9|24487
SRR33336518.95990	background	
SRR33336518.96041	enriched	IGHV4-2*01|IGHJ4*01|14|77687
SRR33336518.96057	background	
SRR33336518.96178	enriched	IGHV4-2*01|IGHJ4*01|13|77297
SRR33336518.96233	background	
SRR33336518.96357	background	
SRR33336518.96400	enriched	IGHV3-20*01|IGHJ6*01|10|32418
SRR33336518.96460	enriched	IGHV3-28*01|IGHJ4*01|11|38703
SRR33336518.96597	background	
SRR33336518.96598	enriched	IGHV3-20*01|IGHJ6*01|11|32467
SRR33336518.96714	enriched	IGHV4-2*01|IGHJ4*01|14|77687
SRR33336518.96761	enriched	IGHV3-20*01|IGHJ4*01|9|24487
SRR33336518.96823	enriched	IGHV3-28*01|IGHJ4*01|11|38703
SRR33336518.96926	enriched	IGHV3-28*01|IGHJ4*01|12|38869
SRR33336518.96939	enriched	IGHV3-20*01|IGHJ4*01|11|24604
SRR33336518.96958	enriched	IGHV4-2*01|IGHJ4*01|11|76901
SRR33336518.97162	enriched	IGHV3-28*01|IGHJ4*01|12|38869
SRR33336518.97210	background	
SRR33336518.97252	enriched	IGHV3-20*01|IGHJ4*01|15|26600
SRR33336518.97361	enriched	IGHV3-20*01|IGHJ6*01|10|32418
SRR33336518.97621	enriched	IGHV3-20*01|IGHJ4*01|10|24515
SRR33336518.97656	enriched	IGHV3-28*01|IGHJ4*01|11|38703
SRR33336518.97659	background	
SRR33336518.97797	enriched	IGHV3-20*01|IGHJ4*01|11|24604
SRR33336518.98069	background	
SRR33336518.98082	enriched	IGHV3-20*01|IGHJ6*01|10|32418
SRR33336518.98143	background	
SRR33336518.98361	enriched	IGHV3-20*01|IGHJ6*01|10|32418
SRR33336518.98513	background	
SRR33336518.98730	enriched	IGHV3-20*01|IGHJ6*01|11|32467
SRR33336518.98794	background	
SRR33336518.98796	enriched	IGHV4-2*01|IGHJ4*01|13|77297
SRR33336518.98920	enriched	IGHV3-20*01|IGHJ6*01|12|32617
SRR33336518.98999	background	
SRR33336518.99202	background	
SRR33336518.99295	background	
SRR33336518.99653	enriched	IGHV3-20*01|IGHJ4*01|9|24487
SRR33336518.99816	background	
SRR33336518.100026	enriched	IGHV3-20*01|IGHJ4*01|11|24604
SRR33336518.100042	background	
SRR33336518.100224	enriched	IGHV3-20*01|IGHJ4*01|13|25137
SRR33336518.100245	background	
SRR33336518.100272	enriched	IGHV4-2*01|IGHJ4*01|15|78307
SRR33336518.100482	background	
SRR33336518.100514	background	
SRR33336518.100526	enriched	IGHV4-2*01|IGHJ4*01|13|77297
SRR33336518.100825	background	
SRR33336518.101199	background	
SRR33336518.101380	background	
SRR33336518.101855	enriched	IGHV4-2*01|IGHJ4*01|13|77297
SRR33336518.101862	enriched	IGHV3-20*01|IGHJ6*01|12|32617
SRR33336518.102258	background	
SRR33336518.102281	enriched	IGHV4-2*01|IGHJ4*01|14|77687
SRR33336518.102497	enriched	IGHV4-2*01|IGHJ6*01|11|81745
SRR33336518.102676	enriched	IGHV3-20*01|IGHJ6*01|12|32617
SRR33336518.102807	enriched	IGHV3-28*01|IGHJ4*01|12|38869
SRR33336518.103080	background	
SRR33336518.103202	enriched	IGHV3-20*01|IGHJ4*01|9|24487
SRR33336518.103231	background	
SRR33336518.103328	background	
SRR33336518.103374	enriched	IGHV4-2*01|IGHJ4*01|11|76901
SRR33336518.103484	background	
SRR33336518.103582	background	
SRR33336518.103675	background	
SRR33336518.103714	background	
SRR33336518.103765	enriched	IGHV3-20*01|IGHJ4*01|10|24515
SRR33336518.103793	enriched	IGHV3-20*01|IGHJ4*01|11|24604
SRR33336518.103824	enriched	IGHV3-20*01|IGHJ4*01|9|24487
SRR33336518.104093	background	
SRR33336518.104283	enriched	IGHV3-20*01|IGHJ6*01|10|32418
SRR33336518.104401	enriched	IGHV3-28*01|IGHJ4*01|12|38869
SRR33336518.104586	enriched	IGHV4-2*01|IGHJ4*01|14|77687
SRR33336518.104645	enriched	IGHV3-28*01|IGHJ4*01|12|38869
SRR33336518.104660	enriched	IGHV3-20*01|IGHJ6*01|12|32617
SRR33336518.104726	enriched	IGHV4-2*01|IGHJ4*01|9|76811
SRR33336518.104857	enriched	IGHV3-28*01|IGHJ4*01|12|38869
SRR33336518.104968	enriched	IGHV4-2*01|IGHJ4*01|12|77041
SRR33336518.105081	enriched	IGHV3-20*01|IGHJ4*01|10|24515
SRR33336518.105151	background	
SRR33336518.106042	enriched	IGHV3-28*01|IGHJ4*01|11|38703
SRR33336518.106391	background	
SRR33336518.106506	background	
SRR33336518.106616	enriched	IGHV3-28*01|IGHJ4*01|11|38703
SRR33336518.106953	enriched	IGHV4-2*01|IGHJ4*01|9|76811
SRR33336518.107204	background	
SRR33336518.107272	background	
SRR33336518.107308	enriched	IGHV3-28*01|IGHJ4*01|12|38869
SRR33336518.107373	enriched	IGHV3-20*01|IGHJ4*01|15|26600
SRR33336518.107461	enriched	IGHV3-28*01|IGHJ4*01|12|38869
SRR33336518.107483	background	
SRR33336518.107507	background	
SRR33336518.107998	enriched	IGHV3-20*01|IGHJ4*01|12|24819
SRR33336518.108005	enriched	IGHV3-20*01|IGHJ6*01|11|32467
SRR33336518.108367	enriched	IGHV4-2*01|IGHJ4*01|13|77297
SRR33336518.108478	background	
SRR33336518.108658	enriched	IGHV3-20*01|IGHJ4*01|11|24604
SRR33336518.108956	enriched	IGHV3-20*01|IGHJ4*01|9|24487
SRR33336518.108998	background	
SRR33336518.109011	enriched	IGHV4-2*01|IGHJ4*01|10|76837
SRR33336518.109078	enriched	IGHV4-2*01|IGHJ4*01|11|76901
SRR33336518.109223	enriched	IGHV3-28*01|IGHJ4*01|11|38703
SRR33336518.109251	background	
SRR33336518.109318	enriched	IGHV3-28*01|IGHJ4*01|12|38869
SRR33336518.109422	background	
SRR33336518.109479	enriched	IGHV3-20*01|IGHJ6*01|11|32467
SRR33336518.109493	enriched	IGHV4-2*01|IGHJ4*01|11|76901
SRR33336518.109591	enriched	IGHV3-20*01|IGHJ4*01|11|24604
SRR33336518.109628	background	
SRR33336518.109645	background	
SRR33336518.109714	enriched	IGHV4-2*01|IGHJ6*01|11|81745
SRR33336518.109758	enriched	IGHV4-2*01|IGHJ4*01|14|77687
SRR33336518.110088	enriched	IGHV3-20*01|IGHJ4*01|13|25137
SRR33336518.110098	enriched	IGHV3-20*01|IGHJ4*01|12|24819
SRR33336518.110187	background	
SRR33336518.110265	background	
SRR33336518.110465	background	
SRR33336518.110632	enriched	IGHV4-2*01|IGHJ4*01|15|78307
SRR33336518.110670	background	
SRR33336518.110786	enriched	IGHV3-20*01|IGHJ4*01|9|24487
SRR33336518.110926	background	
SRR33336518.111037	enriched	IGHV4-2*01|IGHJ4*01|9|76811
SRR33336518.111055	enriched	IGHV4-2*01|IGHJ4*01|14|77687
SRR33336518.111088	enriched	IGHV3-20*01|IGHJ4*01|14|25668
SRR33336518.111384	background	
SRR33336518.111520	background	
SRR33336518.111544	background	
SRR33336518.111560	enriched	IGHV3-20*01|IGHJ4*01|10|24515
SRR33336518.111610	enriched	IGHV3-20*01|IGHJ6*01|10|32418
SRR33336518.111905	background	
SRR33336518.111912	background	
SRR33336518.111948	enriched	IGHV4-2*01|IGHJ4*01|13|77297
SRR33336518.112196	enriched	IGHV4-2*01|IGHJ6*01|11|81745
SRR33336518.112238	enriched	IGHV4-2*01|IGHJ6*01|11|81745
SRR33336518.112421	enriched	IGHV3-20*01|IGHJ4*01|10|24515
SRR33336518.112521	enriched	IGHV3-20*01|IGHJ6*01|12|32617
SRR33336518.112612	background	
SRR33336518.112689	background	
SRR33336518.113281	background	
SRR33336518.114104	background	
SRR33336518.114421	background	
SRR33336518.114427	background	
SRR33336518.114675	background	
SRR33336518.114870	background	
SRR33336518.115244	background	
SRR33336518.115465	background	
SRR33336518.115644	enriched	IGHV3-28*01|IGHJ4*01|11|38703
SRR33336518.116134	background	
SRR33336518.116180	background	
SRR33336518.116244	enriched	IGHV3-20*01|IGHJ6*01|12|32617
SRR33336518.116307	background	
SRR33336518.116342	background	
SRR33336518.116402	background	
SRR33336518.116575	enriched	IGHV3-28*01|IGHJ4*01|12|38869
SRR33336518.116859	background	
SRR33336518.117065	background	
SRR33336518.117078	enriched	IGHV3-20*01|IGHJ4*01|13|25137
SRR33336518.117164	background	
SRR33336518.117180	background	
SRR33336518.117315	background	
SRR33336518.117698	background	
SRR33336518.118289	background	
SRR33336518.118436	background	
SRR33336518.118452	background	
SRR33336518.118804	background	
SRR33336518.118810	background	
SRR33336518.119006	background	
SRR33336518.119178	background	
SRR33336518.119538	background	
SRR33336518.119974	background	
SRR33336518.120403	background	
SRR33336518.120557	background	
SRR33336518.121090	background	
SRR33336518.121182	background	
SRR33336518.121556	background	
SRR33336518.121746	background	
SRR33336518.121822	background	
SRR33336518.122019	background	
SRR33336518.122671	background	
SRR33336518.122753	background	
SRR33336518.122850	background	
SRR33336518.123072	enriched	IGHV3-20*01|IGHJ4*01|12|24819
SRR33336518.123187	background	
SRR33336518.123230	background	
SRR33336518.123367	background	
SRR33336518.123695	enriched	IGHV4-2*01|IGHJ4*01|15|78307
SRR33336518.123941	background	
SRR33336518.124012	background	
SRR33336518.124097	background	
SRR33336518.124559	background	
SRR33336518.125076	enriched	IGHV3-28*01|IGHJ4*01|12|38869
SRR33336518.125682	background	
SRR33336518.125851	background	
SRR33336518.125893	background	
SRR33336518.126157	background	
SRR33336518.126184	background	
SRR33336518.126328	background	
SRR33336518.127728	enriched	IGHV4-2*01|IGHJ4*01|11|76901
SRR33336518.127849	background	
SRR33336518.128021	enriched	IGHV3-20*01|IGHJ6*01|10|32418
SRR33336518.128428	background	
SRR33336518.128678	background	
SRR33336518.128987	background	
SRR33336518.129221	background	
SRR33336518.129384	background	
SRR33336518.129387	background	
SRR33336518.129445	enriched	IGHV3-20*01|IGHJ4*01|9|24487
SRR33336518.129467	enriched	IGHV3-20*01|IGHJ6*01|10|32418
SRR33336518.129863	enriched	IGHV3-20*01|IGHJ4*01|15|26600
SRR33336518.129901	enriched	IGHV3-20*01|IGHJ4*01|15|26600
SRR33336518.129909	enriched	IGHV3-28*01|IGHJ4*01|11|38703
SRR33336518.130047	enriched	IGHV4-2*01|IGHJ4*01|13|77297
SRR33336518.130220	enriched	IGHV4-2*01|IGHJ4*01|10|76837
SRR33336518.130267	enriched	IGHV3-20*01|IGHJ4*01|10|24515
SRR33336518.130292	enriched	IGHV4-2*01|IGHJ4*01|10|76837
SRR33336518.130311	enriched	IGHV3-28*01|IGHJ4*01|11|38703
SRR33336518.130344	enriched	IGHV3-20*01|IGHJ4*01|14|25668
SRR33336518.130376	enriched	IGHV3-20*01|IGHJ6*01|10|32418
SRR33336518.130500	background	
SRR33336518.130654	enriched	IGHV3-28*01|IGHJ4*01|12|38869
SRR33336518.130659	background	
SRR33336518.130712	background	
SRR33336518.130759	background	
SRR33336518.130893	enriched	IGHV4-2*01|IGHJ4*01|12|77041
SRR33336518.130923	enriched	IGHV4-2*01|IGHJ4*01|12|77041
SRR33336518.131201	background	
SRR33336518.131306	background	
SRR33336518.131308	background	
SRR33336518.131792	enriched	IGHV3-28*01|IGHJ4*01|11|38703
SRR33336518.131805	enriched	IGHV4-2*01|IGHJ4*01|9|76811
SRR33336518.131856	enriched	IGHV3-20*01|IGHJ4*01|9|24487
SRR33336518.131865	enriched	IGHV3-28*01|IGHJ4*01|11|38703
SRR33336518.132157	background	
SRR33336518.132295	background	
SRR33336518.132320	enriched	IGHV3-28*01|IGHJ4*01|11|38703
SRR33336518.132356	enriched	IGHV4-2*01|IGHJ4*01|10|76837
SRR33336518.132450	enriched	IGHV3-20*01|IGHJ4*01|9|24487
SRR33336518.132482	background	
SRR33336518.132688	background	
SRR33336518.132748	enriched	IGHV4-2*01|IGHJ4*01|13|77297
SRR33336518.132810	background	
SRR33336518.132949	background	
SRR33336518.132964	background	
SRR33336518.133053	background	
SRR33336518.133546	enriched	IGHV3-20*01|IGHJ4*01|11|24604
SRR33336518.133594	background	
SRR33336518.133627	enriched	IGHV3-20*01|IGHJ4*01|14|25668
SRR33336518.133768	background	
SRR33336518.133910	enriched	IGHV3-20*01|IGHJ6*01|10|32418
SRR33336518.134079	enriched	IGHV4-2*01|IGHJ4*01|14|77687
SRR33336518.134337	enriched	IGHV3-28*01|IGHJ4*01|11|38703
SRR33336518.134548	enriched	IGHV3-20*01|IGHJ4*01|13|25137
SRR33336518.134608	enriched	IGHV4-2*01|IGHJ4*01|14|77687
SRR33336518.134732	enriched	IGHV3-20*01|IGHJ4*01|14|25668
SRR33336518.134776	background	
SRR33336518.134872	enriched	IGHV4-2*01|IGHJ4*01|11|76901
SRR33336518.134977	enriched	IGHV3-20*01|IGHJ4*01|9|24487
SRR33336518.135033	background	
SRR33336518.135037	background	
SRR33336518.135150	background	
SRR33336518.135382	enriched	IGHV3-28*01|IGHJ4*01|12|38869
SRR33336518.135514	enriched	IGHV4-2*01|IGHJ4*01|15|78307
SRR33336518.135747	background	
SRR33336518.135850	enriched	IGHV3-20*01|IGHJ4*01|14|25668
SRR33336518.136146	enriched	IGHV3-20*01|IGHJ4*01|14|25668
SRR33336518.136217	enriched	IGHV3-20*01|IGHJ6*01|12|32617
SRR33336518.136256	enriched	IGHV4-2*01|IGHJ4*01|13|77297
SRR33336518.136618	enriched	IGHV3-20*01|IGHJ4*01|11|24604
SRR33336518.136683	enriched	IGHV3-20*01|IGHJ4*01|11|24604
SRR33336518.136706	enriched	IGHV4-2*01|IGHJ4*01|14|77687
SRR33336518.136806	background	
SRR33336518.136807	enriched	IGHV3-20*01|IGHJ6*01|10|32418
SRR33336518.137053	enriched	IGHV4-2*01|IGHJ4*01|10|76837
SRR33336518.137085	background	
SRR33336518.137152	background	
SRR33336518.137484	enriched	IGHV4-2*01|IGHJ4*01|11|76901
SRR33336518.137656	enriched	IGHV4-2*01|IGHJ4*01|11|76901
SRR33336518.137749	enriched	IGHV4-2*01|IGHJ4*01|14|77687
SRR33336518.137789	background	
SRR33336518.138184	enriched	IGHV3-20*01|IGHJ4*01|12|24819
SRR33336518.138220	background	
SRR33336518.138377	enriched	IGHV4-2*01|IGHJ4*01|13|77297
SRR33336518.138408	enriched	IGHV4-2*01|IGHJ4*01|11|76901
SRR33336518.138676	enriched	IGHV4-2*01|IGHJ4*01|10|76837
SRR33336518.138796	enriched	IGHV3-20*01|IGHJ6*01|11|32467
SRR33336518.138817	background	
SRR33336518.138878	background	
SRR33336518.138929	background	
SRR33336518.139039	enriched	IGHV4-2*01|IGHJ4*01|15|78307
SRR33336518.139153	enriched	IGHV4-2*01|IGHJ4*01|10|76837
SRR33336518.139179	enriched	IGHV3-28*01|IGHJ4*01|11|38703
SRR33336518.139240	enriched	IGHV3-20*01|IGHJ6*01|10|32418
SRR33336518.139301	enriched	IGHV3-28*01|IGHJ4*01|12|38869
SRR33336518.139397	background	
SRR33336518.139512	enriched	IGHV3-20*01|IGHJ6*01|11|32467
SRR33336518.139668	enriched	IGHV3-20*01|IGHJ4*01|14|25668
SRR33336518.139783	enriched	IGHV3-20*01|IGHJ6*01|11|32467
SRR33336518.139795	background	
SRR33336518.139799	enriched	IGHV3-20*01|IGHJ4*01|9|24487
SRR33336518.139946	enriched	IGHV4-2*01|IGHJ4*01|9|76811
SRR33336518.140182	background	
SRR33336518.140254	background	
SRR33336518.140280	background	
SRR33336518.140342	background	
SRR33336518.140513	background	
SRR33336518.140563	background	
SRR33336518.140681	enriched	IGHV3-20*01|IGHJ4*01|14|25668
SRR33336518.140849	enriched	IGHV3-20*01|IGHJ4*01|12|24819
SRR33336518.141143	enriched	IGHV3-20*01|IGHJ6*01|11|32467
SRR33336518.141443	enriched	IGHV3-20*01|IGHJ4*01|15|26600
SRR33336518.141536	enriched	IGHV4-2*01|IGHJ4*01|15|78307
SRR33336518.141546	enriched	IGHV3-20*01|IGHJ6*01|12|32617
SRR33336518.141573	enriched	IGHV3-20*01|IGHJ4*01|11|24604
SRR33336518.141575	background	
SRR33336518.141899	enriched	IGHV3-20*01|IGHJ6*01|10|32418
SRR33336518.141991	background	
SRR33336518.141998	enriched	IGHV3-28*01|IGHJ4*01|11|38703
SRR33336518.142164	enriched	IGHV4-2*01|IGHJ4*01|14|77687
SRR33336518.142231	enriched	IGHV3-28*01|IGHJ4*01|12|38869
SRR33336518.142242	background	
SRR33336518.142581	background	
SRR33336518.142588	background	
SRR33336518.142651	enriched	IGHV3-28*01|IGHJ4*01|12|38869
SRR33336518.142777	enriched	IGHV3-28*01|IGHJ4*01|11|38703
SRR33336518.142829	enriched	IGHV3-20*01|IGHJ4*01|9|24487
SRR33336518.142905	enriched	IGHV3-20*01|IGHJ4*01|9|24487
SRR33336518.142918	enriched	IGHV4-2*01|IGHJ4*01|14|77687
SRR33336518.142938	background	
SRR33336518.142959	background	
SRR33336518.142978	enriched	IGHV3-20*01|IGHJ4*01|11|24604
SRR33336518.143205	background	
SRR33336518.143268	background	
SRR33336518.143309	enriched	IGHV4-2*01|IGHJ4*01|10|76837
SRR33336518.143311	background	
SRR33336518.143386	enriched	IGHV4-2*01|IGHJ4*01|12|77041
SRR33336518.143551	enriched	IGHV4-2*01|IGHJ4*01|12|77041
SRR33336518.143638	background	
SRR33336518.143667	background	
SRR33336518.144057	enriched	IGHV3-20*01|IGHJ4*01|15|26600
SRR33336518.144201	enriched	IGHV4-2*01|IGHJ4*01|10|76837
SRR33336518.144209	enriched	IGHV3-20*01|IGHJ4*01|13|25137
SRR33336518.144275	background	
SRR33336518.144280	enriched	IGHV3-20*01|IGHJ4*01|12|24819
SRR33336518.144396	enriched	IGHV4-2*01|IGHJ6*01|11|81745
SRR33336518.144487	background	
SRR33336518.144521	enriched	IGHV3-20*01|IGHJ4*01|13|25137
SRR33336518.144756	background	
SRR33336518.144812	enriched	IGHV3-28*01|IGHJ4*01|12|38869
SRR33336518.144942	background	
SRR33336518.144957	background	
SRR33336518.145130	background	
SRR33336518.145209	enriched	IGHV3-20*01|IGHJ4*01|9|24487
SRR33336518.145335	enriched	IGHV4-2*01|IGHJ4*01|15|78307
SRR33336518.145344	enriched	IGHV4-2*01|IGHJ4*01|15|78307
SRR33336518.145362	enriched	IGHV3-20*01|IGHJ6*01|10|32418
SRR33336518.145486	enriched	IGHV4-2*01|IGHJ4*01|12|77041
SRR33336518.145875	enriched	IGHV3-20*01|IGHJ4*01|14|25668
SRR33336518.146029	background	
SRR33336518.146086	background	
SRR33336518.146523	background	
SRR33336518.146658	background	
SRR33336518.147267	background	
SRR33336518.147445	background	
SRR33336518.147659	background	
SRR33336518.148419	background	
SRR33336518.148465	background	
SRR33336518.149470	background	
SRR33336518.149533	background	
SRR33336518.149967	enriched	IGHV3-20*01|IGHJ4*01|10|24515
SRR33336518.150000	background	
SRR33336518.150407	background	
SRR33336518.150787	enriched	IGHV3-20*01|IGHJ4*01|11|24604
SRR33336518.150973	enriched	IGHV3-20*01|IGHJ4*01|10|24515
SRR33336518.151173	background	
SRR33336518.151250	background	
SRR33336518.151284	enriched	IGHV4-2*01|IGHJ4*01|9|76811
SRR33336518.151437	background	
SRR33336518.151547	background	
SRR33336518.151638	background	
SRR33336518.151741	background	
SRR33336518.151944	enriched	IGHV3-20*01|IGHJ4*01|15|26600
SRR33336518.152139	background	
SRR33336518.152169	enriched	IGHV3-20*01|IGHJ6*01|11|32467
SRR33336518.152235	background	
SRR33336518.152236	enriched	IGHV3-20*01|IGHJ4*01|10|24515
SRR33336518.152308	enriched	IGHV3-20*01|IGHJ6*01|10|32418
SRR33336518.152488	background	
SRR33336518.152518	background	
SRR33336518.152567	background	
SRR33336518.152816	background	
SRR33336518.153089	enriched	IGHV4-2*01|IGHJ4*01|15|78307
SRR33336518.153145	background	
SRR33336518.153330	background	
SRR33336518.153430	background	
SRR33336518.153549	background	
SRR33336518.153559	enriched	IGHV4-2*01|IGHJ4*01|12|77041
SRR33336518.153599	enriched	IGHV4-2*01|IGHJ4*01|13|77297
SRR33336518.153744	enriched	IGHV4-2*01|IGHJ4*01|13|77297
SRR33336518.153848	background	
SRR33336518.153876	background	
SRR33336518.153954	background	
SRR33336518.154046	background	
SRR33336518.154680	background	
SRR33336518.154732	background	
SRR33336518.154874	enriched	IGHV4-2*01|IGHJ6*01|11|81745
SRR33336518.154984	background	
SRR33336518.155031	background	
SRR33336518.155381	background	
SRR33336518.155413	enriched	IGHV3-20*01|IGHJ4*01|11|24604
SRR33336518.155577	background	
SRR33336518.155581	enriched	IGHV3-20*01|IGHJ6*01|12|32617
SRR33336518.155807	background	
SRR33336518.155887	enriched	IGHV3-28*01|IGHJ4*01|12|38869
SRR33336518.155990	enriched	IGHV4-2*01|IGHJ4*01|13|77297
SRR33336518.156031	background	
SRR33336518.157110	background	
SRR33336518.157327	background	
SRR33336518.157389	background	
SRR33336518.157787	background	
SRR33336518.157820	enriched	IGHV4-2*01|IGHJ4*01|9|76811
SRR33336518.157831	background	
SRR33336518.157864	background	
SRR33336518.157901	background	
SRR33336518.158226	background	
SRR33336518.158376	background	
SRR33336518.158568	enriched	IGHV3-28*01|IGHJ4*01|12|38869
SRR33336518.158845	background	
SRR33336518.159095	background	
SRR33336518.159173	background	
SRR33336518.159385	background	
SRR33336518.159391	enriched	IGHV4-2*01|IGHJ6*01|11|81745
SRR33336518.159434	enriched	IGHV3-20*01|IGHJ4*01|14|25668
SRR33336518.159435	background	
SRR33336518.159634	enriched	IGHV4-2*01|IGHJ4*01|11|76901
SRR33336518.159915	enriched	IGHV3-20*01|IGHJ4*01|13|25137
SRR33336518.159944	background	
SRR33336518.159964	background	
SRR33336518.160043	enriched	IGHV4-2*01|IGHJ4*01|13|77297
SRR33336518.160223	enriched	IGHV3-20*01|IGHJ4*01|9|24487
SRR33336518.160327	background	
SRR33336518.160358	background	
SRR33336518.160506	enriched	IGHV4-2*01|IGHJ4*01|15|78307
SRR33336518.160621	enriched	IGHV4-2*01|IGHJ4*01|9|76811
SRR33336518.160653	enriched	IGHV3-20*01|IGHJ4*01|11|24604
SRR33336518.160785	background	
SRR33336518.160989	enriched	IGHV4-2*01|IGHJ4*01|13|77297
SRR33336518.161112	background	
SRR33336518.161165	enriched	IGHV3-20*01|IGHJ6*01|10|32418
SRR33336518.161314	enriched	IGHV3-20*01|IGHJ4*01|13|25137
SRR33336518.161386	background	
SRR33336518.161397	enriched	IGHV4-2*01|IGHJ4*01|14|77687
SRR33336518.161649	enriched	IGHV3-20*01|IGHJ6*01|11|32467
SRR33336518.161830	background	
SRR33336518.161923	enriched	IGHV3-28*01|IGHJ4*01|12|38869
SRR33336518.161998	enriched	IGHV4-2*01|IGHJ4*01|15|78307
SRR33336518.162135	enriched	IGHV3-20*01|IGHJ4*01|9|24487
SRR33336518.162214	enriched	IGHV4-2*01|IGHJ4*01|12|77041
SRR33336518.162243	background	
SRR33336518.162422	background	
SRR33336518.162457	enriched	IGHV3-28*01|IGHJ4*01|12|38869
SRR33336518.162583	background	
SRR33336518.162678	background	
SRR33336518.163169	enriched	IGHV4-2*01|IGHJ4*01|14|77687
SRR33336518.163297	enriched	IGHV3-20*01|IGHJ4*01|11|24604
SRR33336518.163330	enriched	IGHV3-20*01|IGHJ4*01|10|24515
SRR33336518.163385	background	
SRR33336518.163602	background	
SRR33336518.163771	enriched	IGHV4-2*01|IGHJ4*01|15|78307
SRR33336518.163814	enriched	IGHV3-20*01|IGHJ6*01|12|32617
SRR33336518.163900	background	
SRR33336518.163955	enriched	IGHV3-20*01|IGHJ6*01|10|32418
SRR33336518.164295	background	
SRR33336518.164528	background	
SRR33336518.164858	background	
SRR33336518.164904	enriched	IGHV3-20*01|IGHJ4*01|15|26600
SRR33336518.165065	enriched	IGHV3-20*01|IGHJ6*01|11|32467
SRR33336518.165099	enriched	IGHV3-20*01|IGHJ4*01|14|25668
SRR33336518.165181	enriched	IGHV3-20*01|IGHJ6*01|11|32467
SRR33336518.165207	enriched	IGHV4-2*01|IGHJ6*01|11|81745
SRR33336518.165487	background	
SRR33336518.165518	enriched	IGHV4-2*01|IGHJ4*01|11|76901
SRR33336518.165712	enriched	IGHV3-20*01|IGHJ4*01|14|25668
SRR33336518.165825	enriched	IGHV3-20*01|IGHJ4*01|9|24487
SRR33336518.165840	enriched	IGHV4-2*01|IGHJ4*01|10|76837
SRR33336518.165842	background	
SRR33336518.165943	enriched	IGHV4-2*01|IGHJ4*01|14|77687
SRR33336518.165947	enriched	IGHV4-2*01|IGHJ4*01|15|78307
SRR33336518.166124	background	
SRR33336518.166128	background	
SRR33336518.166276	background	
SRR33336518.166416	background	
SRR33336518.166625	background	
SRR33336518.166958	enriched	IGHV4-2*01|IGHJ4*01|15|78307
SRR33336518.166992	enriched	IGHV3-20*01|IGHJ4*01|11|24604
SRR33336518.166994	enriched	IGHV4-2*01|IGHJ4*01|14|77687
SRR33336518.167302	enriched	IGHV4-2*01|IGHJ4*01|13|77297
SRR33336518.167345	background	
SRR33336518.167368	enriched	IGHV3-20*01|IGHJ4*01|14|25668
SRR33336518.167460	enriched	IGHV3-28*01|IGHJ4*01|12|38869
SRR33336518.167513	enriched	IGHV3-28*01|IGHJ4*01|11|38703
SRR33336518.167519	enriched	IGHV3-20*01|IGHJ6*01|11|32467
SRR33336518.167664	enriched	IGHV4-2*01|IGHJ4*01|12|77041
SRR33336518.168021	background	
SRR33336518.168143	background	
SRR33336518.168203	enriched	IGHV3-20*01|IGHJ4*01|10|24515
SRR33336518.168436	background	
SRR33336518.168478	enriched	IGHV3-20*01|IGHJ4*01|14|25668
SRR33336518.168790	enriched	IGHV3-28*01|IGHJ4*01|12|38869
SRR33336518.168795	background	
SRR33336518.168908	background	
SRR33336518.168987	enriched	IGHV3-20*01|IGHJ4*01|12|24819
SRR33336518.169021	enriched	IGHV4-2*01|IGHJ4*01|13|77297
SRR33336518.169119	enriched	IGHV4-2*01|IGHJ4*01|9|76811
SRR33336518.169206	background	
SRR33336518.169348	enriched	IGHV4-2*01|IGHJ4*01|13|77297
SRR33336518.169518	enriched	IGHV3-20*01|IGHJ4*01|15|26600
SRR33336518.169721	enriched	IGHV3-20*01|IGHJ4*01|12|24819
SRR33336518.169863	enriched	IGHV4-2*01|IGHJ6*01|11|81745
SRR33336518.169889	enriched	IGHV3-20*01|IGHJ4*01|9|24487
SRR33336518.170053	enriched	IGHV3-28*01|IGHJ4*01|12|38869
SRR33336518.170372	background	
SRR33336518.170581	background	
SRR33336518.170677	enriched	IGHV4-2*01|IGHJ4*01|12|77041
SRR33336518.170732	background	
SRR33336518.170845	enriched	IGHV3-20*01|IGHJ4*01|10|24515
SRR33336518.170957	enriched	IGHV3-28*01|IGHJ4*01|12|38869
SRR33336518.170969	enriched	IGHV3-20*01|IGHJ4*01|15|26600
SRR33336518.171330	background	
SRR33336518.171504	enriched	IGHV3-20*01|IGHJ6*01|10|32418
SRR33336518.171507	enriched	IGHV3-20*01|IGHJ6*01|12|32617
SRR33336518.171542	enriched	IGHV4-2*01|IGHJ6*01|11|81745
SRR33336518.171826	enriched	IGHV3-20*01|IGHJ4*01|13|25137
SRR33336518.171832	enriched	IGHV3-20*01|IGHJ4*01|13|25137
SRR33336518.171904	background	
SRR33336518.171936	enriched	IGHV3-20*01|IGHJ4*01|15|26600
SRR33336518.172031	background	
SRR33336518.172115	background	
SRR33336518.172208	enriched	IGHV4-2*01|IGHJ6*01|11|81745
SRR33336518.172532	enriched	IGHV3-20*01|IGHJ4*01|9|24487
SRR33336518.172544	background	
SRR33336518.172589	enriched	IGHV4-2*01|IGHJ4*01|12|77041
SRR33336518.172696	enriched	IGHV3-20*01|IGHJ4*01|10|24515
SRR33336518.172713	enriched	IGHV4-2*01|IGHJ4*01|15|78307
SRR33336518.172714	enriched	IGHV3-20*01|IGHJ4*01|10|24515
SRR33336518.172838	enriched	IGHV3-20*01|IGHJ4*01|14|25668
SRR33336518.172879	enriched	IGHV3-20*01|IGHJ4*01|12|24819
SRR33336518.172908	background	
SRR33336518.172911	enriched	IGHV4-2*01|IGHJ4*01|11|76901
SRR33336518.173196	enriched	IGHV3-20*01|IGHJ6*01|12|32617
SRR33336518.173204	background	
SRR33336518.173418	enriched	IGHV3-20*01|IGHJ4*01|15|26600
SRR33336518.173537	enriched	IGHV3-20*01|IGHJ4*01|10|24515
SRR33336518.173552	background	
SRR33336518.173729	background	
SRR33336518.173750	enriched	IGHV3-28*01|IGHJ4*01|11|38703
SRR33336518.173782	enriched	IGHV3-20*01|IGHJ4*01|10|24515
SRR33336518.173928	background	
SRR33336518.173933	enriched	IGHV4-2*01|IGHJ4*01|9|76811
SRR33336518.174202	enriched	IGHV4-2*01|IGHJ4*01|15|78307
SRR33336518.174373	background	
SRR33336518.174409	background	
SRR33336518.174580	background	
SRR33336518.174587	enriched	IGHV3-20*01|IGHJ4*01|14|25668
SRR33336518.174783	enriched	IGHV3-20*01|IGHJ4*01|14|25668
SRR33336518.175026	enriched	IGHV3-28*01|IGHJ4*01|11|38703
SRR33336518.175046	enriched	IGHV3-20*01|IGHJ6*01|11|32467
SRR33336518.175175	enriched	IGHV3-20*01|IGHJ4*01|10|24515
SRR33336518.175241	background	
SRR33336518.175398	enriched	IGHV3-20*01|IGHJ4*01|10|24515
SRR33336518.175510	enriched	IGHV3-20*01|IGHJ6*01|10|32418
SRR33336518.175547	enriched	IGHV4-2*01|IGHJ6*01|11|81745
SRR33336518.175748	enriched	IGHV3-20*01|IGHJ4*01|13|25137
SRR33336518.175759	enriched	IGHV3-20*01|IGHJ4*01|10|24515
SRR33336518.175872	enriched	IGHV4-2*01|IGHJ4*01|10|76837
SRR33336518.175907	background	
SRR33336518.176197	enriched	IGHV4-2*01|IGHJ4*01|15|78307
SRR33336518.176210	background	
SRR33336518.176219	enriched	IGHV3-20*01|IGHJ4*01|15|26600
SRR33336518.176439	enriched	IGHV3-28*01|IGHJ4*01|12|38869
SRR33336518.176560	enriched	IGHV3-28*01|IGHJ4*01|12|38869
SRR33336518.176728	enriched	IGHV4-2*01|IGHJ4*01|11|76901
SRR33336518.176798	background	
SRR33336518.176912	background	
SRR33336518.176931	enriched	IGHV4-2*01|IGHJ4*01|11|76901
SRR33336518.177140	enriched	IGHV4-2*01|IGHJ4*01|13|77297
SRR33336518.177233	enriched	IGHV3-20*01|IGHJ4*01|13|25137
SRR33336518.177271	enriched	IGHV3-20*01|IGHJ6*01|11|32467
SRR33336518.177282	background	
SRR33336518.177323	enriched	IGHV4-2*01|IGHJ4*01|10|76837
SRR33336518.177359	background	
SRR33336518.177389	enriched	IGHV3-28*01|IGHJ4*01|12|38869
SRR33336518.177401	background	
SRR33336518.177418	enriched	IGHV4-2*01|IGHJ4*01|14|77687
SRR33336518.177634	enriched	IGHV4-2*01|IGHJ4*01|15|78307
SRR33336518.177729	enriched	IGHV3-20*01|IGHJ4*01|14|25668
SRR33336518.177790	enriched	IGHV3-20*01|IGHJ4*01|10|24515
SRR33336518.178269	enriched	IGHV3-28*01|IGHJ4*01|12|38869
SRR33336518.178382	background	
SRR33336518.178431	enriched	IGHV4-2*01|IGHJ4*01|13|77297
SRR33336518.178434	background	
SRR33336518.178463	enriched	IGHV3-20*01|IGHJ6*01|11|32467
SRR33336518.178547	background	
SRR33336518.178585	enriched	IGHV4-2*01|IGHJ4*01|12|77041
SRR33336518.178606	enriched	IGHV3-28*01|IGHJ4*01|11|38703
SRR33336518.178662	enriched	IGHV3-20*01|IGHJ6*01|10|32418
SRR33336518.178724	enriched	IGHV4-2*01|IGHJ6*01|11|81745
SRR33336518.178973	enriched	IGHV4-2*01|IGHJ4*01|13|77297
SRR33336518.179108	enriched	IGHV3-20*01|IGHJ4*01|13|25137
SRR33336518.179135	background	
SRR33336518.179197	enriched	IGHV3-20*01|IGHJ4*01|9|24487
SRR33336518.179270	background	
SRR33336518.179627	enriched	IGHV4-2*01|IGHJ4*01|12|77041
SRR33336518.179649	background	
SRR33336518.179777	background	
SRR33336518.179831	enriched	IGHV3-20*01|IGHJ4*01|9|24487
SRR33336518.180129	enriched	IGHV3-20*01|IGHJ4*01|12|24819
SRR33336518.180174	enriched	IGHV4-2*01|IGHJ4*01|9|76811
SRR33336518.180315	enriched	IGHV4-2*01|IGHJ4*01|15|78307
SRR33336518.180393	enriched	IGHV3-20*01|IGHJ6*01|11|32467
SRR33336518.180458	background	
SRR33336518.180503	enriched	IGHV4-2*01|IGHJ4*01|11|76901
SRR33336518.180646	background	
SRR33336518.180863	background	
SRR33336518.180989	background	
SRR33336518.181061	background	
SRR33336518.181257	background	
SRR33336518.181545	enriched	IGHV3-28*01|IGHJ4*01|12|38869
SRR33336518.181593	enriched	IGHV3-20*01|IGHJ4*01|15|26600
SRR33336518.181648	background	
SRR33336518.181694	enriched	IGHV3-28*01|IGHJ4*01|12|38869
SRR33336518.181715	background	
SRR33336518.181728	enriched	IGHV3-20*01|IGHJ6*01|10|32418
SRR33336518.181917	enriched	IGHV3-20*01|IGHJ4*01|14|25668
SRR33336518.182045	enriched	IGHV3-20*01|IGHJ4*01|15|26600
SRR33336518.182090	enriched	IGHV3-20*01|IGHJ4*01|14|25668
SRR33336518.182567	enriched	IGHV3-20*01|IGHJ4*01|12|24819
SRR33336518.182717	enriched	IGHV4-2*01|IGHJ4*01|14|77687
SRR33336518.182940	background	
SRR33336518.182961	background	
SRR33336518.182966	enriched	IGHV3-28*01|IGHJ4*01|12|38869
SRR33336518.182997	enriched	IGHV3-20*01|IGHJ6*01|12|32617
SRR33336518.183124	enriched	IGHV4-2*01|IGHJ4*01|12|77041
SRR33336518.183353	enriched	IGHV4-2*01|IGHJ4*01|15|78307
SRR33336518.183375	background	
SRR33336518.183703	enriched	IGHV3-20*01|IGHJ4*01|15|26600
SRR33336518.183806	background	
SRR33336518.183807	enriched	IGHV3-28*01|IGHJ4*01|11|38703
SRR33336518.184020	background	
SRR33336518.184027	enriched	IGHV4-2*01|IGHJ4*01|9|76811
SRR33336518.184087	enriched	IGHV4-2*01|IGHJ4*01|14|77687
SRR33336518.184128	background	
SRR33336518.184233	background	
SRR33336518.184329	enriched	IGHV4-2*01|IGHJ4*01|14|77687
SRR33336518.184508	background	
SRR33336518.184536	enriched	IGHV3-20*01|IGHJ6*01|11|32467
SRR33336518.184598	enriched	IGHV4-2*01|IGHJ4*01|9|76811
SRR33336518.184649	enriched	IGHV3-20*01|IGHJ6*01|12|32617
SRR33336518.184730	background	
SRR33336518.184907	enriched	IGHV4-2*01|IGHJ4*01|14|77687
SRR33336518.184923	enriched	IGHV3-28*01|IGHJ4*01|11|38703
SRR33336518.184926	enriched	IGHV3-20*01|IGHJ4*01|10|24515
SRR33336518.185129	enriched	IGHV3-20*01|IGHJ6*01|11|32467
SRR33336518.185194	enriched	IGHV3-28*01|IGHJ4*01|12|38869
SRR33336518.185258	background	
SRR33336518.185278	enriched	IGHV3-20*01|IGHJ6*01|11|32467
SRR33336518.185348	enriched	IGHV4-2*01|IGHJ4*01|9|76811
SRR33336518.185429	enriched	IGHV4-2*01|IGHJ4*01|12|77041
SRR33336518.185442	enriched	IGHV4-2*01|IGHJ4*01|14|77687
SRR33336518.185548	background	
SRR33336518.185586	enriched	IGHV4-2*01|IGHJ6*01|11|81745
SRR33336518.185671	enriched	IGHV3-20*01|IGHJ4*01|12|24819
SRR33336518.186194	enriched	IGHV3-20*01|IGHJ4*01|9|24487
SRR33336518.186257	enriched	IGHV3-20*01|IGHJ4*01|15|26600
SRR33336518.186617	background	
SRR33336518.186711	enriched	IGHV3-20*01|IGHJ4*01|9|24487
SRR33336518.186762	enriched	IGHV3-28*01|IGHJ4*01|12|38869
SRR33336518.186764	enriched	IGHV3-20*01|IGHJ4*01|10|24515
SRR33336518.186777	background	
SRR33336518.186797	background	
SRR33336518.186884	background	
SRR33336518.186890	background	
SRR33336518.186949	enriched	IGHV3-20*01|IGHJ4*01|15|26600
SRR33336518.187010	background	
SRR33336518.187053	enriched	IGHV3-28*01|IGHJ4*01|11|38703
SRR33336518.187119	background	
SRR33336518.187370	enriched	IGHV4-2*01|IGHJ4*01|11|76901
SRR33336518.187404	enriched	IGHV4-2*01|IGHJ4*01|12|77041
SRR33336518.187482	enriched	IGHV4-2*01|IGHJ4*01|10|76837
SRR33336518.187725	enriched	IGHV3-28*01|IGHJ4*01|12|38869
SRR33336518.188230	enriched	IGHV3-20*01|IGHJ4*01|15|26600
SRR33336518.188252	background	
SRR33336518.188493	enriched	IGHV4-2*01|IGHJ4*01|9|76811
SRR33336518.188612	enriched	IGHV3-28*01|IGHJ4*01|12|38869
SRR33336518.188617	background	
SRR33336518.188671	enriched	IGHV3-20*01|IGHJ6*01|11|32467
SRR33336518.188866	enriched	IGHV3-20*01|IGHJ6*01|12|32617
SRR33336518.188873	enriched	IGHV3-28*01|IGHJ4*01|12|38869
SRR33336518.189019	background	
SRR33336518.189184	background	
SRR33336518.189212	background	
SRR33336518.189250	enriched	IGHV4-2*01|IGHJ4*01|9|76811
SRR33336518.189274	enriched	IGHV4-2*01|IGHJ4*01|12|77041
SRR33336518.189330	enriched	IGHV3-20*01|IGHJ4*01|12|24819
SRR33336518.189607	background	
SRR33336518.190019	background	
SRR33336518.190154	background	
SRR33336518.190210	background	
SRR33336518.190229	enriched	IGHV3-20*01|IGHJ4*01|9|24487
SRR33336518.190372	enriched	IGHV3-20*01|IGHJ4*01|12|24819
SRR33336518.190532	enriched	IGHV3-20*01|IGHJ6*01|12|32617
SRR33336518.190552	background	
SRR33336518.190595	background	
SRR33336518.190637	enriched	IGHV4-2*01|IGHJ4*01|10|76837
SRR33336518.190765	background	
SRR33336518.190855	enriched	IGHV3-20*01|IGHJ4*01|15|26600
SRR33336518.190900	background	
SRR33336518.191052	enriched	IGHV3-20*01|IGHJ4*01|11|24604
SRR33336518.191070	background	
SRR33336518.191251	enriched	IGHV3-20*01|IGHJ4*01|10|24515
SRR33336518.191645	enriched	IGHV3-20*01|IGHJ4*01|10|24515
SRR33336518.191715	enriched	IGHV3-20*01|IGHJ4*01|15|26600
SRR33336518.191841	enriched	IGHV3-20*01|IGHJ4*01|15|26600
SRR33336518.191854	background	
SRR33336518.191928	enriched	IGHV4-2*01|IGHJ4*01|14|77687
SRR33336518.191960	enriched	IGHV3-20*01|IGHJ4*01|13|25137
SRR33336518.192049	background	
SRR33336518.192081	enriched	IGHV3-28*01|IGHJ4*01|12|38869
SRR33336518.192200	background	
SRR33336518.192280	enriched	IGHV3-20*01|IGHJ6*01|10|32418
SRR33336518.192304	enriched	IGHV3-20*01|IGHJ6*01|10|32418
SRR33336518.192403	enriched	IGHV4-2*01|IGHJ4*01|10|76837
SRR33336518.192451	enriched	IGHV3-20*01|IGHJ4*01|14|25668
SRR33336518.192801	background	
SRR33336518.192856	enriched	IGHV3-20*01|IGHJ6*01|11|32467
SRR33336518.192861	enriched	IGHV4-2*01|IGHJ4*01|11|76901
SRR33336518.192870	background	
SRR33336518.192903	enriched	IGHV4-2*01|IGHJ4*01|15|78307
SRR33336518.193049	enriched	IGHV4-2*01|IGHJ6*01|11|81745
SRR33336518.193566	background	
SRR33336518.193802	enriched	IGHV3-20*01|IGHJ6*01|10|32418
SRR33336518.194469	background	
SRR33336518.194485	background	
SRR33336518.194537	enriched	IGHV3-20*01|IGHJ4*01|15|26600
SRR33336518.194686	enriched	IGHV3-20*01|IGHJ4*01|12|24819
SRR33336518.194716	enriched	IGHV4-2*01|IGHJ4*01|14|77687
SRR33336518.194768	background	
SRR33336518.194805	background	
SRR33336518.195176	enriched	IGHV4-2*01|IGHJ6*01|11|81745
SRR33336518.195190	enriched	IGHV3-20*01|IGHJ4*01|13|25137
SRR33336518.195726	background	
SRR33336518.195810	background	
SRR33336518.195849	enriched	IGHV4-2*01|IGHJ4*01|15|78307
SRR33336518.195858	background	
SRR33336518.195960	enriched	IGHV3-20*01|IGHJ4*01|10|24515
SRR33336518.195982	enriched	IGHV3-20*01|IGHJ4*01|9|24487
SRR33336518.196008	enriched	IGHV3-20*01|IGHJ4*01|9|24487
SRR33336518.196023	enriched	IGHV3-20*01|IGHJ4*01|11|24604
SRR33336518.196183	enriched	IGHV3-20*01|IGHJ4*01|14|25668
SRR33336518.196249	enriched	IGHV3-20*01|IGHJ4*01|10|24515
SRR33336518.196282	enriched	IGHV4-2*01|IGHJ4*01|11|76901
SRR33336518.196891	enriched	IGHV3-28*01|IGHJ4*01|12|38869
SRR33336518.197083	background	
SRR33336518.197133	background	
SRR33336518.197180	enriched	IGHV3-20*01|IGHJ4*01|10|24515
SRR33336518.197263	enriched	IGHV3-20*01|IGHJ4*01|12|24819
SRR33336518.197412	background	
SRR33336518.197450	enriched	IGHV4-2*01|IGHJ4*01|12|77041
SRR33336518.197492	background	
SRR33336518.197668	enriched	IGHV4-2*01|IGHJ4*01|10|76837
SRR33336518.197722	enriched	IGHV4-2*01|IGHJ4*01|11|76901
SRR33336518.197822	enriched	IGHV4-2*01|IGHJ4*01|11|76901
SRR33336518.198171	background	
SRR33336518.198313	background	
SRR33336518.198350	enriched	IGHV3-20*01|IGHJ4*01|12|24819
SRR33336518.198419	enriched	IGHV4-2*01|IGHJ4*01|11|76901
SRR33336518.198476	background	
SRR33336518.198640	enriched	IGHV3-28*01|IGHJ4*01|11|38703
SRR33336518.198756	enriched	IGHV3-20*01|IGHJ4*01|12|24819
SRR33336518.198941	background	
SRR33336518.199015	background	
SRR33336518.199107	enriched	IGHV3-20*01|IGHJ6*01|10|32418
SRR33336518.199172	background	
SRR33336518.199265	enriched	IGHV4-2*01|IGHJ6*01|11|81745
SRR33336518.199360	enriched	IGHV4-2*01|IGHJ4*01|13|77297
SRR33336518.199479	enriched	IGHV4-2*01|IGHJ4*01|10|76837
SRR33336518.199534	background	
SRR33336518.199548	background	
SRR33336518.199582	enriched	IGHV3-28*01|IGHJ4*01|11|38703
SRR33336518.200007	enriched	IGHV4-2*01|IGHJ4*01|11|76901
SRR33336518.200072	enriched	IGHV4-2*01|IGHJ4*01|13|77297
SRR33336518.200102	background	
SRR33336518.200113	background	
SRR33336518.200253	enriched	IGHV4-2*01|IGHJ4*01|13|77297
SRR33336518.200257	enriched	IGHV3-20*01|IGHJ4*01|11|24604
SRR33336518.200505	enriched	IGHV3-20*01|IGHJ4*01|11|24604
SRR33336518.200565	enriched	IGHV3-28*01|IGHJ4*01|11|38703
SRR33336518.200581	enriched	IGHV3-20*01|IGHJ6*01|11|32467
SRR33336518.200630	enriched	IGHV3-20*01|IGHJ4*01|12|24819
SRR33336518.200701	background	
SRR33336518.200752	background	
SRR33336518.201114	background	
SRR33336518.201328	enriched	IGHV4-2*01|IGHJ4*01|10|76837
SRR33336518.201442	enriched	IGHV3-20*01|IGHJ4*01|13|25137
SRR33336518.201505	enriched	IGHV3-20*01|IGHJ4*01|15|26600
SRR33336518.201554	background	
SRR33336518.201611	enriched	IGHV3-28*01|IGHJ4*01|12|38869
SRR33336518.201837	background	
SRR33336518.202067	background	
SRR33336518.202081	enriched	IGHV4-2*01|IGHJ4*01|15|78307
SRR33336518.202176	enriched	IGHV3-20*01|IGHJ4*01|15|26600
SRR33336518.202294	enriched	IGHV4-2*01|IGHJ4*01|10|76837
SRR33336518.202395	enriched	IGHV3-20*01|IGHJ6*01|12|32617
SRR33336518.202486	enriched	IGHV4-2*01|IGHJ4*01|15|78307
SRR33336518.202519	enriched	IGHV3-20*01|IGHJ4*01|11|24604
SRR33336518.202581	background	
SRR33336518.202608	enriched	IGHV3-20*01|IGHJ4*01|11|24604
SRR33336518.202769	enriched	IGHV3-20*01|IGHJ4*01|13|25137
SRR33336518.202814	enriched	IGHV3-20*01|IGHJ6*01|10|32418
SRR33336518.202826	enriched	IGHV4-2*01|IGHJ4*01|14|77687
SRR33336518.202845	enriched	IGHV4-2*01|IGHJ4*01|11|76901
SRR33336518.202880	background	
SRR33336518.202892	background	
SRR33336518.203087	enriched	IGHV3-20*01|IGHJ4*01|12|24819
SRR33336518.203136	background	
SRR33336518.203179	enriched	IGHV3-20*01|IGHJ6*01|10|32418
SRR33336518.203326	background	
SRR33336518.203369	background	
SRR33336518.203378	background	
SRR33336518.203414	enriched	IGHV3-20*01|IGHJ4*01|13|25137
SRR33336518.203471	enriched	IGHV3-20*01|IGHJ4*01|15|26600
SRR33336518.203590	enriched	IGHV4-2*01|IGHJ4*01|9|76811
SRR33336518.203596	background	
SRR33336518.203715	background	
SRR33336518.203754	enriched	IGHV3-20*01|IGHJ4*01|14|25668
SRR33336518.203807	enriched	IGHV3-20*01|IGHJ4*01|14|25668
SRR33336518.203976	enriched	IGHV3-20*01|IGHJ6*01|12|32617
SRR33336518.204023	enriched	IGHV4-2*01|IGHJ4*01|9|76811
SRR33336518.204301	background	
SRR33336518.204334	enriched	IGHV4-2*01|IGHJ4*01|9|76811
SRR33336518.204356	enriched	IGHV3-20*01|IGHJ4*01|12|24819
SRR33336518.204517	enriched	IGHV3-20*01|IGHJ4*01|11|24604
SRR33336518.204615	enriched	IGHV4-2*01|IGHJ6*01|11|81745
SRR33336518.204836	enriched	IGHV4-2*01|IGHJ6*01|11|81745
SRR33336518.205198	enriched	IGHV3-20*01|IGHJ4*01|13|25137
SRR33336518.205217	background	
SRR33336518.205235	enriched	IGHV4-2*01|IGHJ4*01|15|78307
SRR33336518.205379	enriched	IGHV4-2*01|IGHJ4*01|9|76811
SRR33336518.205444	enriched	IGHV3-20*01|IGHJ4*01|13|25137
SRR33336518.205700	enriched	IGHV4-2*01|IGHJ4*01|14|77687
SRR33336518.205721	enriched	IGHV3-20*01|IGHJ4*01|10|24515
SRR33336518.205733	enriched	IGHV3-20*01|IGHJ6*01|12|32617
SRR33336518.205757	background	
SRR33336518.205942	background	
SRR33336518.205951	enriched	IGHV3-28*01|IGHJ4*01|12|38869
SRR33336518.206025	enriched	IGHV4-2*01|IGHJ4*01|14|77687
SRR33336518.206083	background	
SRR33336518.206179	background	
SRR33336518.206298	enriched	IGHV3-20*01|IGHJ4*01|15|26600
SRR33336518.206496	background	
SRR33336518.206527	enriched	IGHV4-2*01|IGHJ4*01|10|76837
SRR33336518.206911	enriched	IGHV3-20*01|IGHJ6*01|11|32467
SRR33336518.206957	enriched	IGHV3-20*01|IGHJ4*01|13|25137
SRR33336518.207005	enriched	IGHV3-20*01|IGHJ4*01|14|25668
SRR33336518.207075	enriched	IGHV4-2*01|IGHJ4*01|12|77041
SRR33336518.207096	enriched	IGHV4-2*01|IGHJ4*01|15|78307
SRR33336518.207158	enriched	IGHV4-2*01|IGHJ4*01|11|76901
SRR33336518.207236	enriched	IGHV3-20*01|IGHJ4*01|13|25137
SRR33336518.207344	enriched	IGHV3-28*01|IGHJ4*01|11|38703
SRR33336518.207362	background	
SRR33336518.207420	background	
SRR33336518.207471	enriched	IGHV3-20*01|IGHJ4*01|12|24819
SRR33336518.207503	enriched	IGHV3-20*01|IGHJ4*01|15|26600
SRR33336518.207629	background	
SRR33336518.207933	enriched	IGHV3-20*01|IGHJ4*01|11|24604
SRR33336518.208013	enriched	IGHV3-20*01|IGHJ4*01|15|26600
SRR33336518.208038	enriched	IGHV4-2*01|IGHJ4*01|10|76837
SRR33336518.208071	background	
SRR33336518.208081	enriched	IGHV3-28*01|IGHJ4*01|11|38703
SRR33336518.208150	enriched	IGHV3-20*01|IGHJ4*01|13|25137
SRR33336518.208215	background	
SRR33336518.208226	enriched	IGHV3-20*01|IGHJ6*01|11|32467
SRR33336518.208236	enriched	IGHV4-2*01|IGHJ4*01|13|77297
SRR33336518.208324	enriched	IGHV4-2*01|IGHJ4*01|11|76901
SRR33336518.208389	enriched	IGHV4-2*01|IGHJ4*01|15|78307
SRR33336518.208438	enriched	IGHV3-20*01|IGHJ6*01|12|32617
SRR33336518.208504	background	
SRR33336518.208807	enriched	IGHV3-20*01|IGHJ4*01|13|25137
SRR33336518.209007	background	
SRR33336518.209014	enriched	IGHV3-28*01|IGHJ4*01|12|38869
SRR33336518.209058	enriched	IGHV4-2*01|IGHJ4*01|11|76901
SRR33336518.209213	enriched	IGHV3-28*01|IGHJ4*01|12|38869
SRR33336518.209377	background	
SRR33336518.209385	background	
SRR33336518.209770	background	
SRR33336518.209887	enriched	IGHV4-2*01|IGHJ4*01|13|77297
SRR33336518.209942	background	
SRR33336518.210223	enriched	IGHV3-20*01|IGHJ4*01|15|26600
SRR33336518.210258	enriched	IGHV3-20*01|IGHJ6*01|12|32617
SRR33336518.210774	enriched	IGHV3-28*01|IGHJ4*01|11|38703
SRR33336518.210931	background	
SRR33336518.211272	background	
SRR33336518.211280	enriched	IGHV3-20*01|IGHJ4*01|14|25668
SRR33336518.211375	enriched	IGHV3-20*01|IGHJ6*01|11|32467
SRR33336518.211421	enriched	IGHV4-2*01|IGHJ4*01|9|76811
SRR33336518.211462	background	
SRR33336518.211480	background	
SRR33336518.211525	enriched	IGHV3-20*01|IGHJ6*01|11|32467
SRR33336518.211896	enriched	IGHV3-20*01|IGHJ4*01|14|25668
SRR33336518.212143	enriched	IGHV4-2*01|IGHJ6*01|11|81745
SRR33336518.212665	background	
SRR33336518.212744	enriched	IGHV4-2*01|IGHJ4*01|15|78307
SRR33336518.212800	background	
SRR33336518.212893	enriched	IGHV3-20*01|IGHJ4*01|12|24819
SRR33336518.212913	background	
SRR33336518.213033	enriched	IGHV4-2*01|IGHJ4*01|10|76837
SRR33336518.213098	enriched	IGHV3-20*01|IGHJ4*01|14|25668
SRR33336518.213268	background	
SRR33336518.213349	enriched	IGHV3-20*01|IGHJ4*01|15|26600
SRR33336518.213355	enriched	IGHV3-20*01|IGHJ4*01|13|25137
SRR33336518.213570	enriched	IGHV3-20*01|IGHJ4*01|9|24487
SRR33336518.213673	background	
SRR33336518.213687	enriched	IGHV3-20*01|IGHJ6*01|12|32617
SRR33336518.213882	enriched	IGHV4-2*01|IGHJ4*01|9|76811
SRR33336518.214066	background	
SRR33336518.214248	enriched	IGHV4-2*01|IGHJ4*01|9|76811
SRR33336518.214463	background	
SRR33336518.214573	enriched	IGHV4-2*01|IGHJ6*01|11|81745
SRR33336518.214618	enriched	IGHV3-20*01|IGHJ4*01|11|24604
SRR33336518.214659	background	
SRR33336518.214685	enriched	IGHV3-20*01|IGHJ6*01|10|32418
SRR33336518.214741	enriched	IGHV3-20*01|IGHJ6*01|11|32467
SRR33336518.214942	enriched	IGHV3-20*01|IGHJ4*01|14|25668
SRR33336518.214949	background	
SRR33336518.215010	enriched	IGHV3-20*01|IGHJ4*01|9|24487
SRR33336518.215114	enriched	IGHV3-20*01|IGHJ4*01|13|25137
SRR33336518.215299	enriched	IGHV4-2*01|IGHJ6*01|11|81745
SRR33336518.215386	background	
SRR33336518.215388	background	
SRR33336518.215400	background	
SRR33336518.215439	background	
SRR33336518.215839	enriched	IGHV4-2*01|IGHJ4*01|9|76811
SRR33336518.215869	enriched	IGHV3-20*01|IGHJ4*01|11|24604
SRR33336518.215931	enriched	IGHV3-20*01|IGHJ4*01|12|24819
SRR33336518.216011	background	
SRR33336518.216041	enriched	IGHV3-20*01|IGHJ4*01|14|25668
SRR33336518.216158	enriched	IGHV4-2*01|IGHJ4*01|12|77041
SRR33336518.216242	background	
SRR33336518.216680	background	
SRR33336518.216727	enriched	IGHV3-20*01|IGHJ4*01|13|25137
SRR33336518.216789	background	
SRR33336518.216870	enriched	IGHV3-20*01|IGHJ4*01|14|25668
SRR33336518.217066	background	
SRR33336518.217197	enriched	IGHV3-20*01|IGHJ4*01|13|25137
SRR33336518.217223	background	
SRR33336518.217515	enriched	IGHV3-20*01|IGHJ4*01|9|24487
SRR33336518.217578	enriched	IGHV3-20*01|IGHJ4*01|12|24819
SRR33336518.217581	enriched	IGHV3-28*01|IGHJ4*01|12|38869
SRR33336518.217588	enriched	IGHV4-2*01|IGHJ4*01|12|77041
SRR33336518.217613	background	
SRR33336518.217645	enriched	IGHV3-20*01|IGHJ6*01|11|32467
SRR33336518.217670	background	
SRR33336518.217728	enriched	IGHV3-20*01|IGHJ4*01|9|24487
SRR33336518.217777	enriched	IGHV4-2*01|IGHJ4*01|15|78307
SRR33336518.217947	background	
SRR33336518.217987	background	
SRR33336518.218022	enriched	IGHV3-20*01|IGHJ6*01|10|32418
SRR33336518.218148	enriched	IGHV4-2*01|IGHJ6*01|11|81745
SRR33336518.218377	enriched	IGHV4-2*01|IGHJ4*01|9|76811
SRR33336518.218460	background	
SRR33336518.218468	background	
SRR33336518.218508	enriched	IGHV4-2*01|IGHJ4*01|11|76901
SRR33336518.218612	enriched	IGHV3-20*01|IGHJ4*01|11|24604
SRR33336518.218702	enriched	IGHV3-28*01|IGHJ4*01|11|38703
SRR33336518.218749	background	
SRR33336518.218777	background	
SRR33336518.218815	background	
SRR33336518.218836	enriched	IGHV4-2*01|IGHJ4*01|12|77041
SRR33336518.218898	background	
SRR33336518.218979	enriched	IGHV4-2*01|IGHJ4*01|11|76901
SRR33336518.219078	enriched	IGHV3-20*01|IGHJ6*01|12|32617
SRR33336518.219174	background	
SRR33336518.219372	enriched	IGHV4-2*01|IGHJ4*01|12|77041
SRR33336518.219395	background	
SRR33336518.219418	background	
SRR33336518.219502	enriched	IGHV3-20*01|IGHJ4*01|13|25137
SRR33336518.219799	background	
SRR33336518.219887	enriched	IGHV3-20*01|IGHJ4*01|9|24487
SRR33336518.219952	background	
SRR33336518.220031	enriched	IGHV3-20*01|IGHJ4*01|13|25137
SRR33336518.220074	background	
SRR33336518.220076	enriched	IGHV3-20*01|IGHJ4*01|14|25668
SRR33336518.220088	background	
SRR33336518.220143	background	
SRR33336518.220269	enriched	IGHV4-2*01|IGHJ4*01|12|77041
SRR33336518.220340	enriched	IGHV3-20*01|IGHJ6*01|11|32467
SRR33336518.220363	background	
SRR33336518.220390	background	
SRR33336518.220495	enriched	IGHV3-20*01|IGHJ4*01|12|24819
SRR33336518.220503	enriched	IGHV3-20*01|IGHJ6*01|11|32467
SRR33336518.220507	background	
SRR33336518.220524	enriched	IGHV3-20*01|IGHJ4*01|11|24604
SRR33336518.220673	background	
SRR33336518.220738	enriched	IGHV3-20*01|IGHJ4*01|11|24604
SRR33336518.220811	background	
SRR33336518.220820	enriched	IGHV3-20*01|IGHJ6*01|12|32617
SRR33336518.220835	background	
SRR33336518.220950	enriched	IGHV3-20*01|IGHJ4*01|15|26600
SRR33336518.220961	background	
SRR33336518.221311	background	
SRR33336518.221440	background	
SRR33336518.221486	background	
SRR33336518.221493	background	
SRR33336518.221560	background	
SRR33336518.221563	enriched	IGHV3-20*01|IGHJ4*01|11|24604
SRR33336518.221604	enriched	IGHV4-2*01|IGHJ4*01|14|77687
SRR33336518.221865	enriched	IGHV3-20*01|IGHJ4*01|12|24819
SRR33336518.222114	enriched	IGHV3-20*01|IGHJ6*01|12|32617
SRR33336518.222233	enriched	IGHV4-2*01|IGHJ4*01|13|77297
SRR33336518.222250	enriched	IGHV3-28*01|IGHJ4*01|11|38703
SRR33336518.222288	background	
SRR33336518.222394	enriched	IGHV3-20*01|IGHJ4*01|13|25137
SRR33336518.222423	background	
SRR33336518.222426	enriched	IGHV3-28*01|IGHJ4*01|12|38869
SRR33336518.222645	enriched	IGHV3-20*01|IGHJ4*01|9|24487
SRR33336518.222660	enriched	IGHV4-2*01|IGHJ4*01|10|76837
SRR33336518.222752	enriched	IGHV3-28*01|IGHJ4*01|12|38869
SRR33336518.222809	enriched	IGHV3-20*01|IGHJ4*01|12|24819
SRR33336518.222815	enriched	IGHV3-20*01|IGHJ6*01|11|32467
SRR33336518.222944	enriched	IGHV4-2*01|IGHJ6*01|11|81745
SRR33336518.223146	enriched	IGHV3-20*01|IGHJ4*01|10|24515
SRR33336518.223183	background	
SRR33336518.223878	enriched	IGHV4-2*01|IGHJ4*01|15|78307
SRR33336518.224190	enriched	IGHV3-20*01|IGHJ4*01|15|26600
SRR33336518.224274	background	
SRR33336518.224482	enriched	IGHV3-28*01|IGHJ4*01|12|38869
SRR33336518.224811	enriched	IGHV4-2*01|IGHJ4*01|14|77687
SRR33336518.224814	enriched	IGHV3-20*01|IGHJ6*01|11|32467
SRR33336518.225006	enriched	IGHV4-2*01|IGHJ4*01|12|77041
SRR33336518.225176	enriched	IGHV3-20*01|IGHJ4*01|12|24819
SRR33336518.225244	enriched	IGHV3-20*01|IGHJ6*01|11|32467
SRR33336518.225366	background	
SRR33336518.225394	enriched	IGHV3-20*01|IGHJ4*01|10|24515
SRR33336518.225645	background	
SRR33336518.225797	enriched	IGHV4-2*01|IGHJ6*01|11|81745
SRR33336518.225843	background	
SRR33336518.225949	background	
SRR33336518.226022	background	
SRR33336518.226057	enriched	IGHV4-2*01|IGHJ4*01|9|76811
SRR33336518.226314	enriched	IGHV3-20*01|IGHJ4*01|12|24819
SRR33336518.226346	enriched	IGHV4-2*01|IGHJ4*01|12|77041
SRR33336518.226507	background	
SRR33336518.226518	enriched	IGHV3-20*01|IGHJ4*01|12|24819
SRR33336518.226553	enriched	IGHV3-20*01|IGHJ4*01|14|25668
SRR33336518.226707	enriched	IGHV4-2*01|IGHJ4*01|15|78307
SRR33336518.226983	enriched	IGHV4-2*01|IGHJ4*01|11|76901
SRR33336518.227136	background	
SRR33336518.227180	enriched	IGHV3-28*01|IGHJ4*01|11|38703
SRR33336518.227197	background	
SRR33336518.227222	background	
SRR33336518.227512	enriched	IGHV4-2*01|IGHJ4*01|15|78307
SRR33336518.227516	background	
SRR33336518.227652	enriched	IGHV3-20*01|IGHJ6*01|11|32467
SRR33336518.227721	background	
SRR33336518.227803	enriched	IGHV4-2*01|IGHJ6*01|11|81745
SRR33336518.227899	enriched	IGHV3-20*01|IGHJ6*01|11|32467
SRR33336518.228001	enriched	IGHV3-20*01|IGHJ6*01|11|32467
SRR33336518.228106	enriched	IGHV4-2*01|IGHJ4*01|13|77297
SRR33336518.228278	enriched	IGHV4-2*01|IGHJ6*01|11|81745
SRR33336518.228317	background	
SRR33336518.228612	enriched	IGHV3-20*01|IGHJ4*01|11|24604
SRR33336518.228897	enriched	IGHV4-2*01|IGHJ4*01|11|76901
SRR33336518.228932	background	
SRR33336518.229029	enriched	IGHV3-20*01|IGHJ6*01|12|32617
SRR33336518.229203	enriched	IGHV4-2*01|IGHJ4*01|10|76837
SRR33336518.229543	enriched	IGHV3-20*01|IGHJ4*01|12|24819
SRR33336518.229583	background	
SRR33336518.229647	background	
SRR33336518.229775	background	
SRR33336518.229799	background	
SRR33336518.229875	enriched	IGHV3-20*01|IGHJ4*01|14|25668
SRR33336518.229986	background	
SRR33336518.230143	enriched	IGHV4-2*01|IGHJ4*01|9|76811
SRR33336518.230329	background	
SRR33336518.230561	enriched	IGHV3-20*01|IGHJ4*01|11|24604
SRR33336518.230595	enriched	IGHV4-2*01|IGHJ6*01|11|81745
SRR33336518.230683	enriched	IGHV3-20*01|IGHJ4*01|9|24487
SRR33336518.230684	enriched	IGHV4-2*01|IGHJ4*01|11|76901
SRR33336518.230741	background	
SRR33336518.230836	enriched	IGHV3-28*01|IGHJ4*01|11|38703
SRR33336518.230998	enriched	IGHV3-20*01|IGHJ4*01|11|24604
SRR33336518.231037	enriched	IGHV4-2*01|IGHJ4*01|15|78307
SRR33336518.231245	background	
SRR33336518.231287	enriched	IGHV4-2*01|IGHJ4*01|10|76837
SRR33336518.231609	background	
SRR33336518.231622	enriched	IGHV3-20*01|IGHJ4*01|12|24819
SRR33336518.232052	background	
SRR33336518.232078	enriched	IGHV3-20*01|IGHJ4*01|10|24515
SRR33336518.232112	background	
SRR33336518.232262	enriched	IGHV3-20*01|IGHJ6*01|12|32617
SRR33336518.232625	background	
SRR33336518.232634	background	
SRR33336518.232761	background	
SRR33336518.232766	enriched	IGHV4-2*01|IGHJ4*01|13|77297
SRR33336518.233060	enriched	IGHV3-20*01|IGHJ4*01|12|24819
SRR33336518.233097	enriched	IGHV4-2*01|IGHJ4*01|14|77687
SRR33336518.233100	enriched	IGHV4-2*01|IGHJ4*01|9|76811
SRR33336518.233116	background	
SRR33336518.233183	enriched	IGHV3-20*01|IGHJ4*01|13|25137
SRR33336518.233211	enriched	IGHV4-2*01|IGHJ4*01|11|76901
SRR33336518.233458	background	
SRR33336518.233495	enriched	IGHV4-2*01|IGHJ6*01|11|81745
SRR33336518.233497	background	
SRR33336518.233748	enriched	IGHV3-20*01|IGHJ6*01|10|32418
SRR33336518.234033	enriched	IGHV3-20*01|IGHJ6*01|12|32617
SRR33336518.234054	enriched	IGHV4-2*01|IGHJ4*01|15|78307
SRR33336518.234285	enriched	IGHV3-20*01|IGHJ6*01|12|32617
SRR33336518.234519	enriched	IGHV3-28*01|IGHJ4*01|12|38869
SRR33336518.234630	background	
SRR33336518.234641	enriched	IGHV3-20*01|IGHJ6*01|12|32617
SRR33336518.234711	enriched	IGHV4-2*01|IGHJ4*01|11|76901
SRR33336518.234760	enriched	IGHV4-2*01|IGHJ4*01|14|77687
SRR33336518.234951	enriched	IGHV3-20*01|IGHJ4*01|9|24487
SRR33336518.235014	enriched	IGHV3-20*01|IGHJ4*01|10|24515
SRR33336518.235051	background	
SRR33336518.235099	enriched	IGHV4-2*01|IGHJ4*01|9|76811
SRR33336518.235104	enriched	IGHV3-20*01|IGHJ6*01|11|32467
SRR33336518.235107	background	
SRR33336518.235254	enriched	IGHV4-2*01|IGHJ6*01|11|81745
SRR33336518.235333	enriched	IGHV4-2*01|IGHJ4*01|9|76811
SRR33336518.235380	enriched	IGHV3-20*01|IGHJ6*01|11|32467
SRR33336518.235447	enriched	IGHV4-2*01|IGHJ6*01|11|81745
SRR33336518.235565	enriched	IGHV4-2*01|IGHJ4*01|9|76811
SRR33336518.235620	enriched	IGHV4-2*01|IGHJ4*01|15|78307
SRR33336518.235627	background	
SRR33336518.235686	enriched	IGHV4-2*01|IGHJ4*01|12|77041
SRR33336518.235850	enriched	IGHV4-2*01|IGHJ4*01|13|77297
SRR33336518.235907	enriched	IGHV3-20*01|IGHJ6*01|11|32467
SRR33336518.236023	background	
SRR33336518.236089	background	
SRR33336518.236127	enriched	IGHV4-2*01|IGHJ6*01|11|81745
SRR33336518.236136	enriched	IGHV4-2*01|IGHJ4*01|12|77041
SRR33336518.236285	enriched	IGHV4-2*01|IGHJ4*01|10|76837
SRR33336518.236469	enriched	IGHV3-20*01|IGHJ6*01|11|32467
SRR33336518.236681	enriched	IGHV4-2*01|IGHJ4*01|14|77687
SRR33336518.236684	background	
SRR33336518.236920	enriched	IGHV4-2*01|IGHJ4*01|14|77687
SRR33336518.237077	background	
SRR33336518.237438	enriched	IGHV4-2*01|IGHJ4*01|14|77687
SRR33336518.237657	background	
SRR33336518.237659	background	
SRR33336518.237679	enriched	IGHV3-20*01|IGHJ4*01|10|24515
SRR33336518.237689	background	
SRR33336518.237825	background	
SRR33336518.237884	background	
SRR33336518.238053	background	
SRR33336518.238232	enriched	IGHV3-20*01|IGHJ6*01|12|32617
SRR33336518.238288	background	
SRR33336518.238461	enriched	IGHV4-2*01|IGHJ6*01|11|81745
SRR33336518.238718	enriched	IGHV4-2*01|IGHJ4*01|12|77041
SRR33336518.239261	enriched	IGHV3-20*01|IGHJ4*01|14|25668
SRR33336518.239440	enriched	IGHV3-20*01|IGHJ4*01|15|26600
SRR33336518.239566	background	
SRR33336518.239603	background	
SRR33336518.239686	enriched	IGHV4-2*01|IGHJ4*01|11|76901
SRR33336518.239776	background	
SRR33336518.239790	background	
SRR33336518.239794	enriched	IGHV4-2*01|IGHJ4*01|9|76811
SRR33336518.239902	background	
SRR33336518.240028	enriched	IGHV3-28*01|IGHJ4*01|11|38703
SRR33336518.240220	enriched	IGHV3-28*01|IGHJ4*01|12|38869
SRR33336518.240535	enriched	IGHV4-2*01|IGHJ4*01|15|78307
SRR33336518.240589	enriched	IGHV3-20*01|IGHJ4*01|10|24515
SRR33336518.240591	enriched	IGHV3-20*01|IGHJ6*01|11|32467
SRR33336518.240686	enriched	IGHV3-20*01|IGHJ6*01|10|32418
SRR33336518.240760	background	
SRR33336518.240908	enriched	IGHV3-20*01|IGHJ4*01|14|25668
SRR33336518.240916	enriched	IGHV4-2*01|IGHJ4*01|12|77041
SRR33336518.241003	background	
SRR33336518.241028	enriched	IGHV4-2*01|IGHJ4*01|10|76837
SRR33336518.241050	enriched	IGHV4-2*01|IGHJ6*01|11|81745
SRR33336518.241553	enriched	IGHV3-20*01|IGHJ4*01|13|25137
SRR33336518.241558	background	
SRR33336518.241568	enriched	IGHV4-2*01|IGHJ4*01|10|76837
SRR33336518.241585	background	
SRR33336518.241659	background	
SRR33336518.241690	enriched	IGHV3-20*01|IGHJ4*01|10|24515
SRR33336518.241749	enriched	IGHV3-28*01|IGHJ4*01|12|38869
SRR33336518.242188	enriched	IGHV3-20*01|IGHJ6*01|10|32418
SRR33336518.242212	enriched	IGHV4-2*01|IGHJ4*01|10|76837
SRR33336518.242317	enriched	IGHV4-2*01|IGHJ4*01|14|77687
SRR33336518.242375	enriched	IGHV4-2*01|IGHJ6*01|11|81745
SRR33336518.242545	enriched	IGHV3-20*01|IGHJ6*01|10|32418
SRR33336518.242603	enriched	IGHV4-2*01|IGHJ6*01|11|81745
SRR33336518.242788	enriched	IGHV4-2*01|IGHJ6*01|11|81745
SRR33336518.243001	enriched	IGHV3-20*01|IGHJ4*01|11|24604
SRR33336518.243040	background	
SRR33336518.243206	enriched	IGHV4-2*01|IGHJ4*01|11|76901
SRR33336518.243232	enriched	IGHV4-2*01|IGHJ4*01|12|77041
SRR33336518.243233	background	
SRR33336518.243244	enriched	IGHV3-20*01|IGHJ6*01|12|32617
SRR33336518.243246	enriched	IGHV3-20*01|IGHJ6*01|10|32418
SRR33336518.243322	background	
SRR33336518.243423	background	
SRR33336518.243485	background	
SRR33336518.243535	background	
SRR33336518.243586	background	
SRR33336518.243592	enriched	IGHV3-20*01|IGHJ4*01|14|25668
SRR33336518.243605	enriched	IGHV4-2*01|IGHJ4*01|9|76811
SRR33336518.243630	enriched	IGHV4-2*01|IGHJ4*01|9|76811
SRR33336518.243644	enriched	IGHV4-2*01|IGHJ4*01|10|76837
SRR33336518.243665	enriched	IGHV3-20*01|IGHJ6*01|11|32467
SRR33336518.243684	enriched	IGHV4-2*01|IGHJ4*01|14|77687
SRR33336518.244060	background	
SRR33336518.244105	enriched	IGHV3-20*01|IGHJ4*01|11|24604
SRR33336518.244195	background	
SRR33336518.244196	enriched	IGHV3-28*01|IGHJ4*01|11|38703
SRR33336518.244392	enriched	IGHV3-20*01|IGHJ4*01|15|26600
SRR33336518.244401	enriched	IGHV3-20*01|IGHJ4*01|13|25137
SRR33336518.244443	background	
SRR33336518.244468	enriched	IGHV3-20*01|IGHJ6*01|10|32418
SRR33336518.244942	enriched	IGHV3-20*01|IGHJ6*01|11|32467
SRR33336518.244951	enriched	IGHV3-28*01|IGHJ4*01|12|38869
SRR33336518.245209	background	
SRR33336518.245356	enriched	IGHV3-20*01|IGHJ6*01|10|32418
SRR33336518.245363	background	
SRR33336518.245401	background	
SRR33336518.245414	background	
SRR33336518.245642	enriched	IGHV3-20*01|IGHJ4*01|9|24487
SRR33336518.245652	enriched	IGHV3-20*01|IGHJ4*01|15|26600
SRR33336518.245819	background	
SRR33336518.245899	enriched	IGHV4-2*01|IGHJ4*01|14|77687
SRR33336518.245907	background	
SRR33336518.245979	background	
SRR33336518.246026	enriched	IGHV3-20*01|IGHJ6*01|12|32617
SRR33336518.246045	enriched	IGHV3-20*01|IGHJ6*01|10|32418
SRR33336518.246052	enriched	IGHV4-2*01|IGHJ4*01|9|76811
SRR33336518.246383	enriched	IGHV4-2*01|IGHJ4*01|15|78307
SRR33336518.246416	enriched	IGHV3-20*01|IGHJ6*01|12|32617
SRR33336518.246506	background	
SRR33336518.246828	enriched	IGHV3-20*01|IGHJ6*01|12|32617
SRR33336518.247035	enriched	IGHV3-20*01|IGHJ4*01|13|25137
SRR33336518.247194	background	
SRR33336518.247212	enriched	IGHV3-20*01|IGHJ4*01|10|24515
SRR33336518.247367	background	
SRR33336518.247566	enriched	IGHV3-20*01|IGHJ4*01|14|25668
SRR33336518.247622	background	
SRR33336518.247796	background	
SRR33336518.247973	background	
SRR33336518.248755	background	
SRR33336518.248771	enriched	IGHV3-20*01|IGHJ4*01|9|24487
SRR33336518.248919	enriched	IGHV4-2*01|IGHJ4*01|14|77687
SRR33336518.249246	enriched	IGHV4-2*01|IGHJ4*01|12|77041
SRR33336518.249337	enriched	IGHV4-2*01|IGHJ4*01|10|76837
SRR33336518.249372	enriched	IGHV3-28*01|IGHJ4*01|12|38869
SRR33336518.249555	enriched	IGHV4-2*01|IGHJ4*01|15|78307
SRR33336518.249913	enriched	IGHV3-20*01|IGHJ6*01|10|32418
SRR33336518.250004	enriched	IGHV4-2*01|IGHJ4*01|15|78307
SRR33336518.250011	background	
SRR33336518.250215	background	
SRR33336518.250218	enriched	IGHV4-2*01|IGHJ6*01|11|81745
SRR33336518.250275	background	
SRR33336518.250479	enriched	IGHV4-2*01|IGHJ6*01|11|81745
SRR33336518.250537	background	
SRR33336518.250654	enriched	IGHV4-2*01|IGHJ4*01|13|77297
SRR33336518.250745	background	
SRR33336518.250804	enriched	IGHV3-28*01|IGHJ4*01|11|38703
SRR33336518.250807	enriched	IGHV4-2*01|IGHJ4*01|12|77041
SRR33336518.250808	background	
SRR33336518.250896	enriched	IGHV3-20*01|IGHJ4*01|12|24819
SRR33336518.251079	background	
SRR33336518.251176	enriched	IGHV3-20*01|IGHJ6*01|11|32467
SRR33336518.251201	enriched	IGHV3-20*01|IGHJ4*01|12|24819
SRR33336518.251299	background	
SRR33336518.251327	background	
SRR33336518.251358	enriched	IGHV3-28*01|IGHJ4*01|12|38869
SRR33336518.251541	background	
SRR33336518.251574	background	
SRR33336518.251606	enriched	IGHV4-2*01|IGHJ6*01|11|81745
SRR33336518.251672	enriched	IGHV3-20*01|IGHJ4*01|11|24604
SRR33336518.251876	background	
SRR33336518.251914	background	
SRR33336518.251966	background	
SRR33336518.252145	background	
SRR33336518.252232	background	
SRR33336518.252333	enriched	IGHV3-28*01|IGHJ4*01|11|38703
SRR33336518.252472	enriched	IGHV3-20*01|IGHJ4*01|14|25668
SRR33336518.252480	enriched	IGHV3-28*01|IGHJ4*01|12|38869
SRR33336518.252493	background	
SRR33336518.252634	enriched	IGHV3-20*01|IGHJ4*01|9|24487
SRR33336518.252641	background	
SRR33336518.252709	enriched	IGHV3-28*01|IGHJ4*01|12|38869
SRR33336518.252888	enriched	IGHV3-20*01|IGHJ4*01|15|26600
SRR33336518.253279	enriched	IGHV3-20*01|IGHJ4*01|12|24819
SRR33336518.253419	enriched	IGHV4-2*01|IGHJ4*01|9|76811
SRR33336518.253518	enriched	IGHV4-2*01|IGHJ4*01|15|78307
SRR33336518.253530	enriched	IGHV3-20*01|IGHJ6*01|12|32617
SRR33336518.253741	background	
SRR33336518.253811	enriched	IGHV3-20*01|IGHJ6*01|11|32467
SRR33336518.253845	enriched	IGHV3-20*01|IGHJ4*01|15|26600
SRR33336518.254299	background	
SRR33336518.254307	background	
SRR33336518.254371	enriched	IGHV3-20*01|IGHJ4*01|10|24515
SRR33336518.254469	enriched	IGHV3-20*01|IGHJ6*01|11|32467
SRR33336518.254476	background	
SRR33336518.254516	enriched	IGHV3-20*01|IGHJ4*01|9|24487
SRR33336518.254531	background	
SRR33336518.254807	enriched	IGHV3-20*01|IGHJ4*01|14|25668
SRR33336518.254922	enriched	IGHV3-20*01|IGHJ4*01|11|24604
SRR33336518.254998	background	
SRR33336518.255327	background	
SRR33336518.255455	enriched	IGHV3-20*01|IGHJ4*01|12|24819
SRR33336518.255580	enriched	IGHV3-20*01|IGHJ6*01|11|32467
SRR33336518.255641	enriched	IGHV3-28*01|IGHJ4*01|11|38703
SRR33336518.255802	enriched	IGHV3-20*01|IGHJ6*01|12|32617
SRR33336518.255808	enriched	IGHV3-20*01|IGHJ4*01|12|24819
SRR33336518.255926	enriched	IGHV3-28*01|IGHJ4*01|12|38869
SRR33336518.255929	enriched	IGHV4-2*01|IGHJ4*01|10|76837
SRR33336518.255985	enriched	IGHV4-2*01|IGHJ4*01|15|78307
SRR33336518.255986	enriched	IGHV3-20*01|IGHJ4*01|11|24604
SRR33336518.256243	enriched	IGHV3-20*01|IGHJ4*01|10|24515
SRR33336518.256376	background	
SRR33336518.256457	background	
SRR33336518.256755	enriched	IGHV3-20*01|IGHJ4*01|10|24515
SRR33336518.256919	background	
SRR33336518.256988	enriched	IGHV4-2*01|IGHJ4*01|15|78307
SRR33336518.256990	enriched	IGHV3-20*01|IGHJ4*01|13|25137
SRR33336518.257350	enriched	IGHV4-2*01|IGHJ4*01|15|78307
SRR33336518.257464	enriched	IGHV4-2*01|IGHJ4*01|13|77297
SRR33336518.257689	enriched	IGHV3-20*01|IGHJ4*01|13|25137
SRR33336518.257757	enriched	IGHV4-2*01|IGHJ4*01|10|76837
SRR33336518.257915	enriched	IGHV4-2*01|IGHJ4*01|11|76901
SRR33336518.258136	enriched	IGHV3-20*01|IGHJ4*01|9|24487
SRR33336518.258178	enriched	IGHV4-2*01|IGHJ6*01|11|81745
SRR33336518.258195	enriched	IGHV3-20*01|IGHJ6*01|11|32467
SRR33336518.258198	background	
SRR33336518.258223	enriched	IGHV3-28*01|IGHJ4*01|11|38703
SRR33336518.258276	enriched	IGHV4-2*01|IGHJ4*01|12|77041
SRR33336518.258529	enriched	IGHV3-20*01|IGHJ4*01|11|24604
SRR33336518.258536	background	
SRR33336518.258545	enriched	IGHV4-2*01|IGHJ4*01|13|77297
SRR33336518.258713	enriched	IGHV4-2*01|IGHJ4*01|14|77687
SRR33336518.258741	enriched	IGHV4-2*01|IGHJ4*01|9|76811
SRR33336518.258816	enriched	IGHV3-28*01|IGHJ4*01|11|38703
SRR33336518.258832	background	
SRR33336518.258897	enriched	IGHV4-2*01|IGHJ4*01|11|76901
SRR33336518.258993	enriched	IGHV3-20*01|IGHJ4*01|10|24515
SRR33336518.258998	background	
SRR33336518.259032	enriched	IGHV4-2*01|IGHJ4*01|12|77041
SRR33336518.259234	enriched	IGHV3-20*01|IGHJ4*01|11|24604
SRR33336518.259358	enriched	IGHV4-2*01|IGHJ4*01|9|76811
SRR33336518.259444	enriched	IGHV3-20*01|IGHJ4*01|12|24819
SRR33336518.259467	enriched	IGHV3-28*01|IGHJ4*01|11|38703
SRR33336518.259664	enriched	IGHV4-2*01|IGHJ4*01|15|78307
SRR33336518.259776	enriched	IGHV3-28*01|IGHJ4*01|12|38869
SRR33336518.259907	background	
SRR33336518.259965	background	
SRR33336518.260008	background	
SRR33336518.260195	background	
SRR33336518.260298	enriched	IGHV4-2*01|IGHJ4*01|9|76811
SRR33336518.260479	enriched	IGHV4-2*01|IGHJ4*01|13|77297
SRR33336518.260633	enriched	IGHV4-2*01|IGHJ4*01|9|76811
SRR33336518.260640	enriched	IGHV3-20*01|IGHJ6*01|12|32617
SRR33336518.260689	enriched	IGHV3-20*01|IGHJ4*01|11|24604
SRR33336518.260806	background	
SRR33336518.261259	enriched	IGHV3-28*01|IGHJ4*01|11|38703
SRR33336518.261320	enriched	IGHV4-2*01|IGHJ6*01|11|81745
SRR33336518.261322	enriched	IGHV3-20*01|IGHJ4*01|14|25668
SRR33336518.261378	background	
SRR33336518.261635	enriched	IGHV4-2*01|IGHJ4*01|12|77041
SRR33336518.261885	enriched	IGHV4-2*01|IGHJ6*01|11|81745
SRR33336518.261922	background	
SRR33336518.261934	background	
SRR33336518.261941	enriched	IGHV3-20*01|IGHJ4*01|11|24604
SRR33336518.261957	enriched	IGHV4-2*01|IGHJ4*01|9|76811
SRR33336518.262284	enriched	IGHV3-28*01|IGHJ4*01|12|38869
SRR33336518.262408	enriched	IGHV3-20*01|IGHJ4*01|13|25137
SRR33336518.262439	background	
SRR33336518.262495	background	
SRR33336518.262633	background	
SRR33336518.262668	enriched	IGHV3-28*01|IGHJ4*01|12|38869
SRR33336518.262762	background	
SRR33336518.262773	enriched	IGHV4-2*01|IGHJ4*01|15|78307
SRR33336518.262870	background	
SRR33336518.262930	enriched	IGHV4-2*01|IGHJ4*01|10|76837
SRR33336518.262962	enriched	IGHV3-28*01|IGHJ4*01|11|38703
SRR33336518.263109	enriched	IGHV3-28*01|IGHJ4*01|12|38869
SRR33336518.263208	background	
SRR33336518.263244	background	
SRR33336518.263377	enriched	IGHV3-20*01|IGHJ6*01|10|32418
SRR33336518.263676	background	
SRR33336518.263906	enriched	IGHV3-20*01|IGHJ4*01|14|25668
SRR33336518.263936	enriched	IGHV3-28*01|IGHJ4*01|11|38703
SRR33336518.264008	background	
SRR33336518.264159	enriched	IGHV4-2*01|IGHJ4*01|15|78307
SRR33336518.264164	enriched	IGHV3-20*01|IGHJ4*01|14|25668
SRR33336518.264278	enriched	IGHV4-2*01|IGHJ4*01|10|76837
SRR33336518.264341	enriched	IGHV4-2*01|IGHJ4*01|9|76811
SRR33336518.264465	background	
SRR33336518.264828	enriched	IGHV3-20*01|IGHJ4*01|12|24819
SRR33336518.264926	background	
SRR33336518.264961	background	
SRR33336518.265346	enriched	IGHV4-2*01|IGHJ4*01|11|76901
SRR33336518.265420	enriched	IGHV3-28*01|IGHJ4*01|12|38869
SRR33336518.265474	background	
SRR33336518.265481	background	
SRR33336518.265695	enriched	IGHV3-20*01|IGHJ6*01|10|32418
SRR33336518.265804	background	
SRR33336518.265936	background	
SRR33336518.266333	enriched	IGHV4-2*01|IGHJ4*01|9|76811
SRR33336518.266346	background	
SRR33336518.266409	background	
SRR33336518.266473	enriched	IGHV4-2*01|IGHJ4*01|15|78307
SRR33336518.266960	background	
SRR33336518.266985	enriched	IGHV4-2*01|IGHJ4*01|14|77687
SRR33336518.267050	enriched	IGHV3-20*01|IGHJ4*01|12|24819
SRR33336518.267305	background	
SRR33336518.267464	enriched	IGHV4-2*01|IGHJ4*01|12|77041
SRR33336518.267614	enriched	IGHV3-20*01|IGHJ4*01|15|26600
SRR33336518.267624	enriched	IGHV3-20*01|IGHJ6*01|10|32418
SRR33336518.267784	enriched	IGHV3-20*01|IGHJ4*01|12|24819
SRR33336518.267809	enriched	IGHV3-20*01|IGHJ6*01|11|32467
SRR33336518.267832	enriched	IGHV4-2*01|IGHJ4*01|15|78307
SRR33336518.267928	enriched	IGHV4-2*01|IGHJ4*01|12|77041
SRR33336518.268320	enriched	IGHV3-20*01|IGHJ4*01|9|24487
SRR33336518.268369	enriched	IGHV4-2*01|IGHJ4*01|15|78307
SRR33336518.268449	enriched	IGHV3-20*01|IGHJ4*01|12|24819
SRR33336518.268528	enriched	IGHV3-20*01|IGHJ6*01|10|32418
SRR33336518.268673	enriched	IGHV3-20*01|IGHJ4*01|15|26600
SRR33336518.268777	enriched	IGHV4-2*01|IGHJ4*01|10|76837
SRR33336518.268884	enriched	IGHV4-2*01|IGHJ4*01|15|78307
SRR33336518.269103	enriched	IGHV3-20*01|IGHJ6*01|12|32617
SRR33336518.269112	enriched	IGHV3-20*01|IGHJ6*01|11|32467
SRR33336518.269313	background	
SRR33336518.269504	enriched	IGHV4-2*01|IGHJ4*01|11|76901
SRR33336518.269570	enriched	IGHV4-2*01|IGHJ4*01|10|76837
SRR33336518.269654	enriched	IGHV3-20*01|IGHJ4*01|11|24604
SRR33336518.269663	background	
SRR33336518.269748	enriched	IGHV4-2*01|IGHJ4*01|12|77041
SRR33336518.269841	background	
SRR33336518.269857	enriched	IGHV4-2*01|IGHJ4*01|14|77687
SRR33336518.270032	enriched	IGHV4-2*01|IGHJ4*01|14|77687
SRR33336518.270053	enriched	IGHV3-20*01|IGHJ4*01|14|25668
SRR33336518.270128	enriched	IGHV3-20*01|IGHJ4*01|14|25668
SRR33336518.270346	enriched	IGHV3-20*01|IGHJ4*01|15|26600
SRR33336518.270627	background	
SRR33336518.270633	enriched	IGHV3-20*01|IGHJ6*01|12|32617
SRR33336518.270637	enriched	IGHV3-20*01|IGHJ6*01|10|32418
SRR33336518.270877	background	
SRR33336518.270890	background	
SRR33336518.270918	enriched	IGHV3-28*01|IGHJ4*01|12|38869
SRR33336518.270997	background	
SRR33336518.271464	enriched	IGHV3-28*01|IGHJ4*01|11|38703
SRR33336518.271485	background	
SRR33336518.271496	enriched	IGHV3-20*01|IGHJ6*01|11|32467
SRR33336518.271565	enriched	IGHV3-20*01|IGHJ4*01|10|24515
SRR33336518.271597	enriched	IGHV3-20*01|IGHJ4*01|13|25137
SRR33336518.271852	background	
SRR33336518.271889	background	
SRR33336518.271895	enriched	IGHV3-28*01|IGHJ4*01|12|38869
SRR33336518.271910	background	
SRR33336518.271916	enriched	IGHV4-2*01|IGHJ4*01|10|76837
SRR33336518.271991	enriched	IGHV4-2*01|IGHJ4*01|15|78307
SRR33336518.272294	enriched	IGHV4-2*01|IGHJ4*01|11|76901
SRR33336518.272649	enriched	IGHV3-20*01|IGHJ4*01|12|24819
SRR33336518.272838	background	
SRR33336518.272867	enriched	IGHV3-20*01|IGHJ6*01|12|32617
SRR33336518.273083	background	
SRR33336518.273168	enriched	IGHV3-20*01|IGHJ4*01|9|24487
SRR33336518.273171	enriched	IGHV4-2*01|IGHJ4*01|13|77297
SRR33336518.273179	background	
SRR33336518.273300	background	
SRR33336518.273323	enriched	IGHV4-2*01|IGHJ4*01|10|76837
SRR33336518.273443	background	
SRR33336518.273544	enriched	IGHV4-2*01|IGHJ6*01|11|81745
SRR33336518.273638	background	
SRR33336518.273898	background	
SRR33336518.273903	background	
SRR33336518.273988	enriched	IGHV3-20*01|IGHJ4*01|9|24487
SRR33336518.274225	enriched	IGHV3-20*01|IGHJ4*01|10|24515
SRR33336518.274226	enriched	IGHV3-28*01|IGHJ4*01|12|38869
SRR33336518.274278	enriched	IGHV3-20*01|IGHJ4*01|10|24515
SRR33336518.274339	enriched	IGHV3-20*01|IGHJ6*01|11|32467
SRR33336518.274446	enriched	IGHV4-2*01|IGHJ4*01|10|76837
SRR33336518.274476	enriched	IGHV4-2*01|IGHJ4*01|10|76837
SRR33336518.274487	enriched	IGHV3-20*01|IGHJ6*01|11|32467
SRR33336518.274493	enriched	IGHV3-28*01|IGHJ4*01|11|38703
SRR33336518.274537	enriched	IGHV3-20*01|IGHJ4*01|10|24515
SRR33336518.274661	enriched	IGHV3-20*01|IGHJ6*01|12|32617
SRR33336518.274783	enriched	IGHV3-20*01|IGHJ4*01|14|25668
SRR33336518.275119	enriched	IGHV3-28*01|IGHJ4*01|12|38869
SRR33336518.275137	enriched	IGHV4-2*01|IGHJ4*01|12|77041
SRR33336518.275191	enriched	IGHV4-2*01|IGHJ4*01|15|78307
SRR33336518.275522	background	
SRR33336518.275731	background	
SRR33336518.275758	enriched	IGHV4-2*01|IGHJ4*01|15|78307
SRR33336518.275847	enriched	IGHV3-20*01|IGHJ4*01|11|24604
SRR33336518.275878	background	
SRR33336518.275941	background	
SRR33336518.276232	enriched	IGHV3-20*01|IGHJ4*01|10|24515
SRR33336518.276249	enriched	IGHV3-28*01|IGHJ4*01|11|38703
SRR33336518.276407	enriched	IGHV3-20*01|IGHJ4*01|11|24604
SRR33336518.276481	enriched	IGHV4-2*01|IGHJ4*01|12|77041
SRR33336518.276486	enriched	IGHV3-20*01|IGHJ6*01|12|32617
SRR33336518.276487	enriched	IGHV3-20*01|IGHJ4*01|12|24819
SRR33336518.276672	enriched	IGHV4-2*01|IGHJ4*01|9|76811
SRR33336518.276773	enriched	IGHV4-2*01|IGHJ6*01|11|81745
SRR33336518.276942	enriched	IGHV3-20*01|IGHJ4*01|11|24604
SRR33336518.277063	enriched	IGHV3-20*01|IGHJ4*01|12|24819
SRR33336518.277108	enriched	IGHV4-2*01|IGHJ6*01|11|81745
SRR33336518.277205	enriched	IGHV3-20*01|IGHJ6*01|12|32617
SRR33336518.277261	enriched	IGHV3-20*01|IGHJ4*01|14|25668
SRR33336518.277365	background	
SRR33336518.277442	background	
SRR33336518.277564	background	
SRR33336518.277669	background	
SRR33336518.277684	background	
SRR33336518.277985	enriched	IGHV4-2*01|IGHJ4*01|12|77041
SRR33336518.278053	enriched	IGHV4-2*01|IGHJ4*01|13|77297
SRR33336518.278382	enriched	IGHV3-20*01|IGHJ4*01|10|24515
SRR33336518.278526	enriched	IGHV3-20*01|IGHJ4*01|14|25668
SRR33336518.278671	enriched	IGHV3-20*01|IGHJ4*01|13|25137
SRR33336518.278675	enriched	IGHV3-28*01|IGHJ4*01|12|38869
SRR33336518.278826	enriched	IGHV3-28*01|IGHJ4*01|12|38869
SRR33336518.278841	enriched	IGHV4-2*01|IGHJ4*01|11|76901
SRR33336518.279028	enriched	IGHV3-20*01|IGHJ4*01|9|24487
SRR33336518.279083	enriched	IGHV4-2*01|IGHJ4*01|13|77297
SRR33336518.279233	enriched	IGHV3-20*01|IGHJ6*01|10|32418
SRR33336518.279258	enriched	IGHV3-20*01|IGHJ6*01|11|32467
SRR33336518.279341	background	
SRR33336518.279376	background	
SRR33336518.279433	enriched	IGHV4-2*01|IGHJ4*01|14|77687
SRR33336518.279449	enriched	IGHV3-20*01|IGHJ4*01|10|24515
SRR33336518.279796	enriched	IGHV3-28*01|IGHJ4*01|12|38869
SRR33336518.279850	enriched	IGHV3-20*01|IGHJ4*01|9|24487
SRR33336518.280436	background	
SRR33336518.280503	enriched	IGHV3-28*01|IGHJ4*01|11|38703
SRR33336518.280623	enriched	IGHV3-20*01|IGHJ6*01|11|32467
SRR33336518.281161	enriched	IGHV4-2*01|IGHJ4*01|10|76837
SRR33336518.281254	background	
SRR33336518.281375	background	
SRR33336518.281475	background	
SRR33336518.281514	enriched	IGHV4-2*01|IGHJ6*01|11|81745
SRR33336518.281624	enriched	IGHV3-20*01|IGHJ4*01|11|24604
SRR33336518.282051	background	
SRR33336518.282110	enriched	IGHV4-2*01|IGHJ6*01|11|81745
SRR33336518.282206	enriched	IGHV3-20*01|IGHJ4*01|9|24487
SRR33336518.282450	enriched	IGHV3-20*01|IGHJ4*01|14|25668
SRR33336518.282463	enriched	IGHV3-20*01|IGHJ4*01|12|24819
SRR33336518.282630	background	
SRR33336518.282697	enriched	IGHV3-20*01|IGHJ4*01|11|24604
SRR33336518.282704	background	
SRR33336518.282709	enriched	IGHV3-20*01|IGHJ4*01|15|26600
SRR33336518.283080	background	
SRR33336518.283095	background	
SRR33336518.283287	background	
SRR33336518.283294	background	
SRR33336518.283323	background	
SRR33336518.283373	enriched	IGHV3-20*01|IGHJ4*01|11|24604
SRR33336518.283533	enriched	IGHV4-2*01|IGHJ4*01|9|76811
SRR33336518.283558	background	
SRR33336518.283559	enriched	IGHV4-2*01|IGHJ4*01|15|78307
SRR33336518.283568	enriched	IGHV3-20*01|IGHJ4*01|12|24819
SRR33336518.283665	enriched	IGHV3-20*01|IGHJ6*01|11|32467
SRR33336518.283666	background	
SRR33336518.283769	enriched	IGHV3-20*01|IGHJ4*01|11|24604
SRR33336518.283785	background	
SRR33336518.283794	enriched	IGHV3-20*01|IGHJ4*01|10|24515
SRR33336518.283796	background	
SRR33336518.283819	enriched	IGHV3-20*01|IGHJ4*01|15|26600
SRR33336518.283851	enriched	IGHV3-20*01|IGHJ4*01|15|26600
SRR33336518.283862	enriched	IGHV3-20*01|IGHJ4*01|11|24604
SRR33336518.283863	enriched	IGHV4-2*01|IGHJ4*01|9|76811
SRR33336518.283999	background	
SRR33336518.284090	enriched	IGHV4-2*01|IGHJ4*01|12|77041
SRR33336518.284170	enriched	IGHV3-20*01|IGHJ6*01|12|32617
SRR33336518.284295	background	
SRR33336518.284308	enriched	IGHV3-20*01|IGHJ4*01|9|24487
SRR33336518.284316	background	
SRR33336518.284390	enriched	IGHV4-2*01|IGHJ4*01|13|77297
SRR33336518.284527	background	
SRR33336518.284571	enriched	IGHV3-20*01|IGHJ6*01|12|32617
SRR33336518.284615	enriched	IGHV4-2*01|IGHJ4*01|11|76901
SRR33336518.284637	enriched	IGHV3-20*01|IGHJ4*01|12|24819
SRR33336518.284688	background	
SRR33336518.284756	background	
SRR33336518.284845	enriched	IGHV4-2*01|IGHJ4*01|14|77687
SRR33336518.284904	enriched	IGHV3-28*01|IGHJ4*01|11|38703
SRR33336518.285005	background	
SRR33336518.285170	background	
SRR33336518.285415	enriched	IGHV4-2*01|IGHJ4*01|10|76837
SRR33336518.285496	enriched	IGHV4-2*01|IGHJ6*01|11|81745
SRR33336518.285638	enriched	IGHV3-20*01|IGHJ6*01|12|32617
SRR33336518.285863	background	
SRR33336518.286255	enriched	IGHV3-20*01|IGHJ4*01|14|25668
SRR33336518.286368	enriched	IGHV3-20*01|IGHJ4*01|10|24515
SRR33336518.286371	enriched	IGHV4-2*01|IGHJ6*01|11|81745
SRR33336518.286530	enriched	IGHV3-20*01|IGHJ6*01|12|32617
SRR33336518.286644	enriched	IGHV3-20*01|IGHJ4*01|13|25137
SRR33336518.286775	enriched	IGHV3-20*01|IGHJ6*01|10|32418
SRR33336518.286987	background	
SRR33336518.287002	enriched	IGHV3-20*01|IGHJ4*01|14|25668
SRR33336518.287104	enriched	IGHV4-2*01|IGHJ4*01|15|78307
SRR33336518.287268	background	
SRR33336518.287297	enriched	IGHV4-2*01|IGHJ4*01|12|77041
SRR33336518.287398	background	
SRR33336518.287405	enriched	IGHV4-2*01|IGHJ6*01|11|81745
SRR33336518.287636	enriched	IGHV4-2*01|IGHJ4*01|10|76837
SRR33336518.287763	enriched	IGHV4-2*01|IGHJ4*01|12|77041
SRR33336518.287937	enriched	IGHV3-20*01|IGHJ6*01|11|32467
SRR33336518.287978	background	
SRR33336518.288275	enriched	IGHV3-20*01|IGHJ4*01|13|25137
SRR33336518.288287	enriched	IGHV4-2*01|IGHJ4*01|15|78307
SRR33336518.288672	enriched	IGHV3-20*01|IGHJ4*01|12|24819
SRR33336518.288762	background	
SRR33336518.288942	background	
SRR33336518.288972	background	
SRR33336518.289099	background	
SRR33336518.289156	enriched	IGHV3-20*01|IGHJ6*01|12|32617
SRR33336518.289207	background	
SRR33336518.289220	enriched	IGHV3-20*01|IGHJ6*01|11|32467
SRR33336518.289290	background	
SRR33336518.289453	enriched	IGHV3-20*01|IGHJ4*01|15|26600
SRR33336518.289470	background	
SRR33336518.290297	background	
SRR33336518.290398	enriched	IGHV3-20*01|IGHJ4*01|11|24604
SRR33336518.290426	enriched	IGHV4-2*01|IGHJ4*01|13|77297
SRR33336518.290455	enriched	IGHV4-2*01|IGHJ6*01|11|81745
SRR33336518.290643	enriched	IGHV4-2*01|IGHJ6*01|11|81745
SRR33336518.290814	background	
SRR33336518.290815	enriched	IGHV4-2*01|IGHJ4*01|14|77687
SRR33336518.291080	enriched	IGHV4-2*01|IGHJ4*01|13|77297
SRR33336518.291196	enriched	IGHV4-2*01|IGHJ4*01|10|76837
SRR33336518.291213	enriched	IGHV3-20*01|IGHJ4*01|13|25137
SRR33336518.291218	enriched	IGHV3-20*01|IGHJ4*01|9|24487
SRR33336518.291449	enriched	IGHV3-28*01|IGHJ4*01|11|38703
SRR33336518.291580	background	
SRR33336518.291582	enriched	IGHV3-20*01|IGHJ6*01|12|32617
SRR33336518.291633	enriched	IGHV4-2*01|IGHJ6*01|11|81745
SRR33336518.291654	background	
SRR33336518.291696	enriched	IGHV3-20*01|IGHJ4*01|13|25137
SRR33336518.291744	background	
SRR33336518.291766	background	
SRR33336518.291812	background	
SRR33336518.291919	background	
SRR33336518.291996	enriched	IGHV3-20*01|IGHJ6*01|12|32617
SRR33336518.292002	enriched	IGHV4-2*01|IGHJ4*01|15|78307
SRR33336518.292032	background	
SRR33336518.292221	enriched	IGHV4-2*01|IGHJ4*01|10|76837
SRR33336518.292362	enriched	IGHV3-20*01|IGHJ4*01|10|24515
SRR33336518.292389	enriched	IGHV3-20*01|IGHJ4*01|9|24487
SRR33336518.292445	enriched	IGHV4-2*01|IGHJ4*01|10|76837
SRR33336518.292577	enriched	IGHV3-20*01|IGHJ4*01|13|25137
SRR33336518.292627	enriched	IGHV3-20*01|IGHJ4*01|14|25668
SRR33336518.292680	enriched	IGHV3-20*01|IGHJ6*01|11|32467
SRR33336518.292689	enriched	IGHV3-20*01|IGHJ4*01|15|26600
SRR33336518.292827	enriched	IGHV3-20*01|IGHJ6*01|11|32467
SRR33336518.292847	background	
SRR33336518.293054	background	
SRR33336518.293289	enriched	IGHV3-28*01|IGHJ4*01|11|38703
SRR33336518.293486	enriched	IGHV3-20*01|IGHJ6*01|10|32418
SRR33336518.293643	background	
SRR33336518.293818	enriched	IGHV3-20*01|IGHJ6*01|12|32617
SRR33336518.293832	enriched	IGHV3-20*01|IGHJ4*01|12|24819
SRR33336518.293926	background	
SRR33336518.293958	enriched	IGHV4-2*01|IGHJ4*01|9|76811
SRR33336518.294413	background	
SRR33336518.294784	background	
SRR33336518.294849	background	
SRR33336518.295555	enriched	IGHV4-2*01|IGHJ6*01|11|81745
SRR33336518.295728	enriched	IGHV3-28*01|IGHJ4*01|12|38869
SRR33336518.295848	enriched	IGHV4-2*01|IGHJ4*01|12|77041
SRR33336518.295855	background	
SRR33336518.296003	enriched	IGHV3-28*01|IGHJ4*01|11|38703
SRR33336518.296280	background	
SRR33336518.296509	enriched	IGHV4-2*01|IGHJ4*01|10|76837
SRR33336518.296602	background	
SRR33336518.296617	background	
SRR33336518.296685	enriched	IGHV4-2*01|IGHJ4*01|15|78307
SRR33336518.296706	enriched	IGHV4-2*01|IGHJ4*01|14|77687
SRR33336518.296785	enriched	IGHV3-20*01|IGHJ6*01|11|32467
SRR33336518.296793	enriched	IGHV4-2*01|IGHJ4*01|14|77687
SRR33336518.296837	background	
SRR33336518.296950	enriched	IGHV3-20*01|IGHJ6*01|12|32617
SRR33336518.297139	enriched	IGHV4-2*01|IGHJ4*01|14|77687
SRR33336518.297240	background	
SRR33336518.297362	enriched	IGHV3-28*01|IGHJ4*01|11|38703
SRR33336518.297380	background	
SRR33336518.297381	background	
SRR33336518.297471	background	
SRR33336518.297520	enriched	IGHV4-2*01|IGHJ4*01|11|76901
SRR33336518.297587	enriched	IGHV4-2*01|IGHJ4*01|14|77687
SRR33336518.297650	background	
SRR33336518.297964	enriched	IGHV3-20*01|IGHJ6*01|12|32617
SRR33336518.297986	enriched	IGHV4-2*01|IGHJ4*01|14|77687
SRR33336518.298075	enriched	IGHV3-20*01|IGHJ4*01|10|24515
SRR33336518.298322	background	
SRR33336518.298661	background	
SRR33336518.298981	background	
SRR33336518.299049	enriched	IGHV4-2*01|IGHJ6*01|11|81745
SRR33336518.299129	background	
SRR33336518.299146	enriched	IGHV4-2*01|IGHJ6*01|11|81745
SRR33336518.299157	background	
SRR33336518.299566	background	
SRR33336518.299709	enriched	IGHV3-20*01|IGHJ4*01|9|24487
SRR33336518.299784	enriched	IGHV4-2*01|IGHJ4*01|11|76901
SRR33336518.299872	background	
SRR33336518.300264	enriched	IGHV3-20*01|IGHJ4*01|10|24515
SRR33336518.300320	enriched	IGHV4-2*01|IGHJ4*01|10|76837
SRR33336518.300532	enriched	IGHV3-28*01|IGHJ4*01|11|38703
SRR33336518.300538	background	
SRR33336518.300775	enriched	IGHV3-20*01|IGHJ4*01|10|24515
SRR33336518.300888	enriched	IGHV3-20*01|IGHJ4*01|15|26600
SRR33336518.300950	enriched	IGHV4-2*01|IGHJ4*01|12|77041
SRR33336518.300957	enriched	IGHV4-2*01|IGHJ4*01|12|77041
SRR33336518.301035	background	
SRR33336518.301341	background	
SRR33336518.301540	background	
SRR33336518.301594	background	
SRR33336518.301858	background	
SRR33336518.302234	enriched	IGHV4-2*01|IGHJ4*01|15|78307
SRR33336518.302254	enriched	IGHV3-20*01|IGHJ4*01|11|24604
SRR33336518.302272	background	
SRR33336518.302353	background	
SRR33336518.302357	enriched	IGHV3-20*01|IGHJ4*01|14|25668
SRR33336518.302425	background	
SRR33336518.302537	background	
SRR33336518.302803	enriched	IGHV3-20*01|IGHJ6*01|11|32467
SRR33336518.302868	background	
SRR33336518.302914	enriched	IGHV3-20*01|IGHJ4*01|15|26600
SRR33336518.302998	enriched	IGHV4-2*01|IGHJ4*01|9|76811
SRR33336518.303109	enriched	IGHV3-20*01|IGHJ4*01|9|24487
SRR33336518.303130	background	
SRR33336518.303161	background	
SRR33336518.303287	enriched	IGHV3-20*01|IGHJ4*01|12|24819
SRR33336518.303361	enriched	IGHV3-20*01|IGHJ4*01|11|24604
SRR33336518.303443	background	
SRR33336518.303571	enriched	IGHV4-2*01|IGHJ4*01|10|76837
SRR33336518.303623	background	
SRR33336518.303681	enriched	IGHV3-20*01|IGHJ4*01|13|25137
SRR33336518.303696	background	
SRR33336518.303739	enriched	IGHV4-2*01|IGHJ4*01|12|77041
SRR33336518.304067	background	
SRR33336518.304101	background	
SRR33336518.304110	background	
SRR33336518.304149	enriched	IGHV4-2*01|IGHJ4*01|12|77041
SRR33336518.304157	enriched	IGHV4-2*01|IGHJ4*01|14|77687
SRR33336518.304558	background	
SRR33336518.304620	enriched	IGHV4-2*01|IGHJ4*01|9|76811
SRR33336518.304873	enriched	IGHV4-2*01|IGHJ4*01|12|77041
SRR33336518.304879	enriched	IGHV4-2*01|IGHJ6*01|11|81745
SRR33336518.305174	enriched	IGHV3-20*01|IGHJ4*01|13|25137
SRR33336518.305246	enriched	IGHV3-28*01|IGHJ4*01|11|38703
SRR33336518.305422	background	
SRR33336518.305485	enriched	IGHV3-28*01|IGHJ4*01|11|38703
SRR33336518.305672	enriched	IGHV4-2*01|IGHJ4*01|11|76901
SRR33336518.305691	enriched	IGHV3-20*01|IGHJ4*01|9|24487
SRR33336518.305803	enriched	IGHV4-2*01|IGHJ4*01|11|76901
SRR33336518.305943	background	
SRR33336518.305965	background	
SRR33336518.306082	enriched	IGHV3-20*01|IGHJ6*01|12|32617
SRR33336518.306192	enriched	IGHV4-2*01|IGHJ4*01|11|76901
SRR33336518.306318	background	
SRR33336518.306428	enriched	IGHV4-2*01|IGHJ4*01|10|76837
SRR33336518.306558	background	
SRR33336518.306591	enriched	IGHV3-20*01|IGHJ4*01|9|24487
SRR33336518.306713	enriched	IGHV3-20*01|IGHJ4*01|12|24819
SRR33336518.306739	enriched	IGHV3-20*01|IGHJ4*01|13|25137
SRR33336518.306823	enriched	IGHV4-2*01|IGHJ4*01|11|76901
SRR33336518.306835	enriched	IGHV3-20*01|IGHJ6*01|12|32617
SRR33336518.306854	background	
SRR33336518.306972	enriched	IGHV3-20*01|IGHJ6*01|11|32467
SRR33336518.307060	enriched	IGHV3-20*01|IGHJ4*01|11|24604
SRR33336518.307112	enriched	IGHV3-20*01|IGHJ6*01|12|32617
SRR33336518.307151	background	
SRR33336518.307179	enriched	IGHV4-2*01|IGHJ4*01|9|76811
SRR33336518.307495	enriched	IGHV3-20*01|IGHJ6*01|11|32467
SRR33336518.307556	enriched	IGHV4-2*01|IGHJ4*01|14|77687
SRR33336518.307628	background	
SRR33336518.307737	enriched	IGHV3-20*01|IGHJ4*01|11|24604
SRR33336518.307807	background	
SRR33336518.308023	enriched	IGHV4-2*01|IGHJ6*01|11|81745
SRR33336518.308139	enriched	IGHV3-20*01|IGHJ6*01|12|32617
SRR33336518.308208	enriched	IGHV3-20*01|IGHJ4*01|12|24819
SRR33336518.308244	background	
SRR33336518.308250	enriched	IGHV3-20*01|IGHJ4*01|15|26600
SRR33336518.308472	enriched	IGHV4-2*01|IGHJ4*01|11|76901
SRR33336518.308487	enriched	IGHV3-20*01|IGHJ4*01|13|25137
SRR33336518.308672	enriched	IGHV3-20*01|IGHJ4*01|14|25668
SRR33336518.308819	enriched	IGHV3-20*01|IGHJ4*01|12|24819
SRR33336518.308975	enriched	IGHV3-20*01|IGHJ4*01|10|24515
SRR33336518.309111	enriched	IGHV3-20*01|IGHJ4*01|14|25668
SRR33336518.309275	background	
SRR33336518.309643	background	
SRR33336518.309707	background	
SRR33336518.309781	background	
SRR33336518.310001	enriched	IGHV3-20*01|IGHJ4*01|9|24487
SRR33336518.310016	enriched	IGHV3-20*01|IGHJ4*01|11|24604
SRR33336518.310033	enriched	IGHV3-20*01|IGHJ4*01|11|24604
SRR33336518.310234	enriched	IGHV4-2*01|IGHJ4*01|14|77687
SRR33336518.310344	background	
SRR33336518.310400	enriched	IGHV3-20*01|IGHJ6*01|11|32467
SRR33336518.310427	background	
SRR33336518.310498	background	
SRR33336518.310820	enriched	IGHV4-2*01|IGHJ4*01|12|77041
SRR33336518.310900	enriched	IGHV3-20*01|IGHJ4*01|12|24819
SRR33336518.311010	enriched	IGHV3-20*01|IGHJ4*01|11|24604
SRR33336518.311048	enriched	IGHV4-2*01|IGHJ4*01|11|76901
SRR33336518.311062	background	
SRR33336518.311175	background	
SRR33336518.311316	background	
SRR33336518.311324	background	
SRR33336518.311334	background	
SRR33336518.311340	enriched	IGHV4-2*01|IGHJ4*01|11|76901
SRR33336518.311467	enriched	IGHV3-20*01|IGHJ6*01|10|32418
SRR33336518.311728	background	
SRR33336518.311743	background	
SRR33336518.311770	background	
SRR33336518.311819	enriched	IGHV4-2*01|IGHJ4*01|11|76901
SRR33336518.312036	background	
SRR33336518.312104	background	
SRR33336518.312167	enriched	IGHV3-20*01|IGHJ4*01|15|26600
SRR33336518.312208	background	
SRR33336518.312244	enriched	IGHV3-20*01|IGHJ6*01|11|32467
SRR33336518.312256	background	
SRR33336518.312340	background	
SRR33336518.312405	background	
SRR33336518.312561	enriched	IGHV4-2*01|IGHJ4*01|14|77687
SRR33336518.312786	background	
SRR33336518.312864	enriched	IGHV4-2*01|IGHJ4*01|14|77687
SRR33336518.312967	enriched	IGHV3-20*01|IGHJ4*01|11|24604
SRR33336518.313224	background	
SRR33336518.313312	enriched	IGHV3-20*01|IGHJ6*01|12|32617
SRR33336518.313714	background	
SRR33336518.313976	enriched	IGHV3-20*01|IGHJ6*01|12|32617
SRR33336518.314014	enriched	IGHV4-2*01|IGHJ4*01|13|77297
SRR33336518.314306	enriched	IGHV4-2*01|IGHJ4*01|15|78307
SRR33336518.314503	enriched	IGHV4-2*01|IGHJ4*01|15|78307
SRR33336518.314550	enriched	IGHV3-20*01|IGHJ6*01|11|32467
SRR33336518.314607	enriched	IGHV4-2*01|IGHJ4*01|11|76901
SRR33336518.314671	enriched	IGHV3-20*01|IGHJ4*01|9|24487
SRR33336518.314728	enriched	IGHV3-20*01|IGHJ4*01|11|24604
SRR33336518.314850	background	
SRR33336518.314868	background	
SRR33336518.315031	background	
SRR33336518.315180	background	
SRR33336518.315209	enriched	IGHV3-20*01|IGHJ4*01|9|24487
SRR33336518.315395	background	
SRR33336518.315492	background	
SRR33336518.315558	enriched	IGHV3-20*01|IGHJ4*01|15|26600
SRR33336518.315656	enriched	IGHV3-20*01|IGHJ6*01|12|32617
SRR33336518.315711	enriched	IGHV3-20*01|IGHJ6*01|12|32617
SRR33336518.315831	background	
SRR33336518.315920	background	
SRR33336518.315968	enriched	IGHV4-2*01|IGHJ4*01|14|77687
SRR33336518.315985	enriched	IGHV3-20*01|IGHJ4*01|9|24487
SRR33336518.316025	background	
SRR33336518.316181	enriched	IGHV3-20*01|IGHJ6*01|10|32418
SRR33336518.316518	background	
SRR33336518.316714	enriched	IGHV3-20*01|IGHJ6*01|10|32418
SRR33336518.317001	background	
SRR33336518.317098	background	
SRR33336518.317176	enriched	IGHV3-20*01|IGHJ4*01|15|26600
SRR33336518.317202	enriched	IGHV3-28*01|IGHJ4*01|12|38869
SRR33336518.317223	enriched	IGHV3-20*01|IGHJ4*01|10|24515
SRR33336518.317274	background	
SRR33336518.317331	enriched	IGHV4-2*01|IGHJ4*01|9|76811
SRR33336518.317492	background	
SRR33336518.317510	enriched	IGHV3-20*01|IGHJ4*01|12|24819
SRR33336518.317519	background	
SRR33336518.317598	background	
SRR33336518.317614	background	
SRR33336518.317754	enriched	IGHV4-2*01|IGHJ4*01|9|76811
SRR33336518.317856	background	
SRR33336518.317955	enriched	IGHV4-2*01|IGHJ6*01|11|81745
SRR33336518.318018	background	
SRR33336518.318212	enriched	IGHV4-2*01|IGHJ4*01|9|76811
SRR33336518.318218	background	
SRR33336518.319016	enriched	IGHV4-2*01|IGHJ6*01|11|81745
SRR33336518.319134	enriched	IGHV3-20*01|IGHJ6*01|11|32467
SRR33336518.319424	background	
SRR33336518.319710	background	
SRR33336518.319723	background	
SRR33336518.319797	enriched	IGHV3-20*01|IGHJ4*01|10|24515
SRR33336518.319910	enriched	IGHV3-20*01|IGHJ4*01|11|24604
SRR33336518.320106	background	
SRR33336518.320200	enriched	IGHV4-2*01|IGHJ4*01|13|77297
SRR33336518.320381	background	
SRR33336518.320978	enriched	IGHV3-20*01|IGHJ4*01|14|25668
SRR33336518.320998	background	
SRR33336518.321203	background	
SRR33336518.321378	background	
SRR33336518.321386	enriched	IGHV3-20*01|IGHJ4*01|11|24604
SRR33336518.321593	background	
SRR33336518.321669	enriched	IGHV3-20*01|IGHJ4*01|11|24604
SRR33336518.321733	enriched	IGHV3-28*01|IGHJ4*01|11|38703
SRR33336518.321822	background	
SRR33336518.321920	background	
SRR33336518.321997	enriched	IGHV4-2*01|IGHJ4*01|9|76811
SRR33336518.322227	enriched	IGHV3-20*01|IGHJ6*01|11|32467
SRR33336518.322389	enriched	IGHV4-2*01|IGHJ4*01|11|76901
SRR33336518.322413	enriched	IGHV4-2*01|IGHJ4*01|12|77041
SRR33336518.322461	enriched	IGHV4-2*01|IGHJ4*01|12|77041
SRR33336518.322494	enriched	IGHV3-20*01|IGHJ6*01|12|32617
SRR33336518.322570	enriched	IGHV3-28*01|IGHJ4*01|12|38869
SRR33336518.322661	background	
SRR33336518.322669	background	
SRR33336518.322792	background	
SRR33336518.322858	enriched	IGHV3-20*01|IGHJ6*01|12|32617
SRR33336518.322925	enriched	IGHV3-28*01|IGHJ4*01|12|38869
SRR33336518.322982	background	
SRR33336518.323065	enriched	IGHV4-2*01|IGHJ4*01|15|78307
SRR33336518.323116	enriched	IGHV3-20*01|IGHJ4*01|9|24487
SRR33336518.323463	enriched	IGHV3-28*01|IGHJ4*01|11|38703
SRR33336518.323538	background	
SRR33336518.323542	background	
SRR33336518.323678	background	
SRR33336518.323700	enriched	IGHV4-2*01|IGHJ4*01|9|76811
SRR33336518.323768	background	
SRR33336518.323903	background	
SRR33336518.324351	enriched	IGHV3-20*01|IGHJ4*01|10|24515
SRR33336518.324393	enriched	IGHV3-20*01|IGHJ4*01|10|24515
SRR33336518.324412	background	
SRR33336518.324471	enriched	IGHV3-28*01|IGHJ4*01|11|38703
SRR33336518.324607	enriched	IGHV4-2*01|IGHJ6*01|11|81745
SRR33336518.324654	background	
SRR33336518.324896	enriched	IGHV3-20*01|IGHJ4*01|11|24604
SRR33336518.325157	enriched	IGHV3-20*01|IGHJ4*01|14|25668
SRR33336518.325164	background	
SRR33336518.325245	enriched	IGHV4-2*01|IGHJ4*01|12|77041
SRR33336518.325288	background	
SRR33336518.325323	enriched	IGHV3-28*01|IGHJ4*01|11|38703
SRR33336518.325549	enriched	IGHV4-2*01|IGHJ4*01|12|77041
SRR33336518.325776	enriched	IGHV3-20*01|IGHJ4*01|11|24604
SRR33336518.325805	enriched	IGHV3-20*01|IGHJ4*01|11|24604
SRR33336518.325858	background	
SRR33336518.326055	enriched	IGHV3-20*01|IGHJ4*01|11|24604
SRR33336518.326304	enriched	IGHV3-20*01|IGHJ4*01|11|24604
SRR33336518.326630	background	
SRR33336518.326667	enriched	IGHV3-20*01|IGHJ4*01|9|24487
SRR33336518.326705	enriched	IGHV3-20*01|IGHJ4*01|11|24604
SRR33336518.326708	background	
SRR33336518.326775	enriched	IGHV3-20*01|IGHJ4*01|12|24819
SRR33336518.326852	enriched	IGHV4-2*01|IGHJ6*01|11|81745
SRR33336518.326867	enriched	IGHV4-2*01|IGHJ4*01|9|76811
SRR33336518.326884	enriched	IGHV3-20*01|IGHJ4*01|11|24604
SRR33336518.327238	enriched	IGHV4-2*01|IGHJ4*01|11|76901
SRR33336518.327355	background	
SRR33336518.327716	background	
SRR33336518.327804	background	
SRR33336518.327876	enriched	IGHV3-20*01|IGHJ6*01|12|32617
SRR33336518.327895	background	
SRR33336518.327940	background	
SRR33336518.328033	background	
SRR33336518.328255	enriched	IGHV4-2*01|IGHJ4*01|14|77687
SRR33336518.328543	background	
SRR33336518.328770	background	
SRR33336518.328927	enriched	IGHV3-20*01|IGHJ6*01|10|32418
SRR33336518.329085	enriched	IGHV4-2*01|IGHJ4*01|14|77687
SRR33336518.329146	enriched	IGHV4-2*01|IGHJ4*01|13|77297
SRR33336518.329319	enriched	IGHV4-2*01|IGHJ4*01|10|76837
SRR33336518.329352	background	
SRR33336518.329375	enriched	IGHV4-2*01|IGHJ4*01|9|76811
SRR33336518.329818	enriched	IGHV4-2*01|IGHJ4*01|15|78307
SRR33336518.329861	enriched	IGHV3-20*01|IGHJ4*01|10|24515
SRR33336518.329875	enriched	IGHV3-20*01|IGHJ4*01|10|24515
SRR33336518.330044	background	
SRR33336518.330316	background	
SRR33336518.330480	enriched	IGHV3-20*01|IGHJ4*01|9|24487
SRR33336518.330539	background	
SRR33336518.330556	enriched	IGHV4-2*01|IGHJ4*01|10|76837
SRR33336518.330682	enriched	IGHV3-28*01|IGHJ4*01|12|38869
SRR33336518.330784	background	
SRR33336518.330848	background	
SRR33336518.330877	enriched	IGHV4-2*01|IGHJ4*01|12|77041
SRR33336518.330889	enriched	IGHV3-20*01|IGHJ4*01|13|25137
SRR33336518.331136	enriched	IGHV3-20*01|IGHJ4*01|12|24819
SRR33336518.331232	background	
SRR33336518.331421	background	
SRR33336518.331452	enriched	IGHV3-20*01|IGHJ4*01|14|25668
SRR33336518.331587	enriched	IGHV4-2*01|IGHJ4*01|11|76901
SRR33336518.331716	enriched	IGHV4-2*01|IGHJ4*01|9|76811
SRR33336518.331726	enriched	IGHV3-20*01|IGHJ4*01|14|25668
SRR33336518.332106	enriched	IGHV4-2*01|IGHJ4*01|14|77687
SRR33336518.332156	background	
SRR33336518.332197	background	
SRR33336518.332245	background	
SRR33336518.332290	background	
SRR33336518.332420	enriched	IGHV4-2*01|IGHJ4*01|10|76837
SRR33336518.332509	enriched	IGHV3-28*01|IGHJ4*01|12|38869
SRR33336518.332519	background	
SRR33336518.332560	enriched	IGHV4-2*01|IGHJ4*01|13|77297
SRR33336518.332570	enriched	IGHV3-20*01|IGHJ4*01|12|24819
SRR33336518.333084	enriched	IGHV4-2*01|IGHJ4*01|14|77687
SRR33336518.333123	enriched	IGHV4-2*01|IGHJ4*01|10|76837
SRR33336518.333341	background	
SRR33336518.333355	background	
SRR33336518.333464	enriched	IGHV3-28*01|IGHJ4*01|11|38703
SRR33336518.333537	enriched	IGHV4-2*01|IGHJ4*01|15|78307
SRR33336518.333680	enriched	IGHV3-20*01|IGHJ4*01|14|25668
SRR33336518.333736	enriched	IGHV3-20*01|IGHJ4*01|15|26600
SRR33336518.333750	background	
SRR33336518.333829	enriched	IGHV3-20*01|IGHJ4*01|15|26600
SRR33336518.334202	background	
SRR33336518.334257	background	
SRR33336518.334322	background	
SRR33336518.334352	enriched	IGHV4-2*01|IGHJ4*01|11|76901
SRR33336518.334366	enriched	IGHV4-2*01|IGHJ4*01|10|76837
SRR33336518.334570	enriched	IGHV3-20*01|IGHJ4*01|10|24515
SRR33336518.334686	enriched	IGHV3-20*01|IGHJ6*01|11|32467
SRR33336518.334704	background	
SRR33336518.334764	enriched	IGHV4-2*01|IGHJ4*01|14|77687
SRR33336518.334957	background	
SRR33336518.335057	background	
SRR33336518.335091	background	
SRR33336518.335235	background	
SRR33336518.335601	enriched	IGHV3-20*01|IGHJ4*01|13|25137
SRR33336518.335744	enriched	IGHV3-20*01|IGHJ4*01|15|26600
SRR33336518.335820	background	
SRR33336518.336022	background	
SRR33336518.336045	background	
SRR33336518.336147	background	
SRR33336518.336308	background	
SRR33336518.336381	enriched	IGHV3-20*01|IGHJ4*01|13|25137
SRR33336518.336393	background	
SRR33336518.336409	enriched	IGHV3-20*01|IGHJ6*01|12|32617
SRR33336518.336633	enriched	IGHV4-2*01|IGHJ4*01|14|77687
SRR33336518.336661	enriched	IGHV4-2*01|IGHJ4*01|11|76901
SRR33336518.336789	enriched	IGHV3-20*01|IGHJ6*01|10|32418
SRR33336518.336897	enriched	IGHV3-20*01|IGHJ4*01|13|25137
SRR33336518.336982	background	
SRR33336518.337151	background	
SRR33336518.337217	enriched	IGHV3-20*01|IGHJ6*01|11|32467
SRR33336518.337433	enriched	IGHV4-2*01|IGHJ4*01|11|76901
SRR33336518.337502	enriched	IGHV3-20*01|IGHJ4*01|12|24819
SRR33336518.337655	background	
SRR33336518.337673	enriched	IGHV3-20*01|IGHJ4*01|11|24604
SRR33336518.337766	enriched	IGHV4-2*01|IGHJ4*01|9|76811
SRR33336518.337814	background	
SRR33336518.337842	enriched	IGHV3-20*01|IGHJ6*01|11|32467
SRR33336518.338118	background	
SRR33336518.338143	background	
SRR33336518.338161	enriched	IGHV3-28*01|IGHJ4*01|12|38869
SRR33336518.338288	enriched	IGHV3-20*01|IGHJ4*01|10|24515
SRR33336518.338300	background	
SRR33336518.338382	enriched	IGHV3-20*01|IGHJ4*01|13|25137
SRR33336518.338613	enriched	IGHV4-2*01|IGHJ6*01|11|81745
SRR33336518.338689	enriched	IGHV4-2*01|IGHJ6*01|11|81745
SRR33336518.338757	enriched	IGHV3-20*01|IGHJ4*01|9|24487
SRR33336518.338808	background	
SRR33336518.338876	background	
SRR33336518.338941	enriched	IGHV4-2*01|IGHJ4*01|11|76901
SRR33336518.339172	enriched	IGHV4-2*01|IGHJ4*01|13|77297
SRR33336518.339671	background	
SRR33336518.339882	enriched	IGHV3-20*01|IGHJ6*01|10|32418
SRR33336518.339899	enriched	IGHV4-2*01|IGHJ4*01|11|76901
SRR33336518.339947	enriched	IGHV3-20*01|IGHJ6*01|11|32467
SRR33336518.340034	background	
SRR33336518.340161	enriched	IGHV3-20*01|IGHJ4*01|15|26600
SRR33336518.340314	enriched	IGHV4-2*01|IGHJ4*01|12|77041
SRR33336518.340346	enriched	IGHV4-2*01|IGHJ4*01|12|77041
SRR33336518.340649	enriched	IGHV4-2*01|IGHJ4*01|15|78307
SRR33336518.340793	enriched	IGHV3-20*01|IGHJ6*01|10|32418
SRR33336518.340826	background	
SRR33336518.340934	enriched	IGHV4-2*01|IGHJ4*01|12|77041
SRR33336518.340987	enriched	IGHV4-2*01|IGHJ4*01|13|77297
SRR33336518.341016	background	
SRR33336518.341159	enriched	IGHV3-20*01|IGHJ6*01|10|32418
SRR33336518.341226	enriched	IGHV4-2*01|IGHJ4*01|13|77297
SRR33336518.341300	background	
SRR33336518.341816	background	
SRR33336518.341871	enriched	IGHV4-2*01|IGHJ4*01|11|76901
SRR33336518.341901	enriched	IGHV4-2*01|IGHJ4*01|15|78307
SRR33336518.342066	enriched	IGHV4-2*01|IGHJ4*01|13|77297
SRR33336518.342316	background	
SRR33336518.342432	background	
SRR33336518.342478	enriched	IGHV4-2*01|IGHJ6*01|11|81745
SRR33336518.342485	background	
SRR33336518.343092	background	
SRR33336518.343290	background	
SRR33336518.343326	background	
SRR33336518.343406	enriched	IGHV3-20*01|IGHJ4*01|9|24487
SRR33336518.343535	enriched	IGHV3-20*01|IGHJ6*01|11|32467
SRR33336518.343597	enriched	IGHV4-2*01|IGHJ6*01|11|81745
SRR33336518.343760	enriched	IGHV3-20*01|IGHJ4*01|9|24487
SRR33336518.343761	enriched	IGHV3-20*01|IGHJ4*01|11|24604
SRR33336518.343957	enriched	IGHV3-20*01|IGHJ6*01|12|32617
SRR33336518.344021	enriched	IGHV4-2*01|IGHJ6*01|11|81745
SRR33336518.344053	background	
SRR33336518.344092	enriched	IGHV4-2*01|IGHJ4*01|10|76837
SRR33336518.344164	enriched	IGHV3-28*01|IGHJ4*01|12|38869
SRR33336518.344336	enriched	IGHV4-2*01|IGHJ4*01|9|76811
SRR33336518.344344	enriched	IGHV3-20*01|IGHJ6*01|11|32467
SRR33336518.344351	enriched	IGHV3-20*01|IGHJ4*01|15|26600
SRR33336518.344380	background	
SRR33336518.344424	enriched	IGHV4-2*01|IGHJ4*01|9|76811
SRR33336518.344479	background	
SRR33336518.344610	background	
SRR33336518.344904	enriched	IGHV3-20*01|IGHJ6*01|10|32418
SRR33336518.344950	background	
SRR33336518.344958	enriched	IGHV3-20*01|IGHJ4*01|9|24487
SRR33336518.345056	enriched	IGHV3-20*01|IGHJ6*01|10|32418
SRR33336518.345175	enriched	IGHV3-20*01|IGHJ4*01|9|24487
SRR33336518.345257	enriched	IGHV4-2*01|IGHJ4*01|11|76901
SRR33336518.345292	enriched	IGHV4-2*01|IGHJ4*01|9|76811
SRR33336518.345372	enriched	IGHV3-20*01|IGHJ4*01|12|24819
SRR33336518.345486	enriched	IGHV3-28*01|IGHJ4*01|12|38869
SRR33336518.345604	enriched	IGHV3-28*01|IGHJ4*01|11|38703
SRR33336518.346065	background	
SRR33336518.346172	enriched	IGHV3-20*01|IGHJ4*01|13|25137
SRR33336518.346183	enriched	IGHV3-20*01|IGHJ6*01|10|32418
SRR33336518.346249	background	
SRR33336518.346337	enriched	IGHV3-28*01|IGHJ4*01|11|38703
SRR33336518.346530	enriched	IGHV4-2*01|IGHJ4*01|9|76811
SRR33336518.346542	enriched	IGHV3-20*01|IGHJ4*01|10|24515
SRR33336518.346627	enriched	IGHV3-20*01|IGHJ4*01|15|26600
SRR33336518.346692	enriched	IGHV3-20*01|IGHJ4*01|15|26600
SRR33336518.346738	enriched	IGHV4-2*01|IGHJ4*01|14|77687
SRR33336518.346803	enriched	IGHV3-20*01|IGHJ6*01|12|32617
SRR33336518.346923	enriched	IGHV3-20*01|IGHJ4*01|10|24515
SRR33336518.346995	enriched	IGHV4-2*01|IGHJ4*01|9|76811
SRR33336518.347010	background	
SRR33336518.347076	background	
SRR33336518.347254	enriched	IGHV3-20*01|IGHJ4*01|12|24819
SRR33336518.347257	background	
SRR33336518.347499	enriched	IGHV3-20*01|IGHJ4*01|9|24487
SRR33336518.347533	enriched	IGHV3-20*01|IGHJ4*01|12|24819
SRR33336518.347552	background	
SRR33336518.347664	enriched	IGHV3-20*01|IGHJ6*01|10|32418
SRR33336518.347775	enriched	IGHV3-28*01|IGHJ4*01|11|38703
SRR33336518.347788	enriched	IGHV4-2*01|IGHJ4*01|15|78307
SRR33336518.347829	enriched	IGHV3-28*01|IGHJ4*01|11|38703
SRR33336518.347898	background	
SRR33336518.348104	background	
SRR33336518.348137	background	
SRR33336518.348482	enriched	IGHV3-20*01|IGHJ6*01|11|32467
SRR33336518.348569	background	
SRR33336518.348590	enriched	IGHV3-20*01|IGHJ4*01|11|24604
SRR33336518.348821	background	
SRR33336518.349051	enriched	IGHV3-20*01|IGHJ6*01|12|32617
SRR33336518.349183	background	
SRR33336518.349209	enriched	IGHV4-2*01|IGHJ6*01|11|81745
SRR33336518.349272	enriched	IGHV3-20*01|IGHJ4*01|10|24515
SRR33336518.349277	enriched	IGHV4-2*01|IGHJ6*01|11|81745
SRR33336518.349717	enriched	IGHV3-20*01|IGHJ4*01|11|24604
SRR33336518.349855	enriched	IGHV4-2*01|IGHJ4*01|9|76811
SRR33336518.349913	enriched	IGHV4-2*01|IGHJ4*01|10|76837
SRR33336518.349934	enriched	IGHV4-2*01|IGHJ4*01|15|78307
SRR33336518.350024	background	
SRR33336518.350192	enriched	IGHV4-2*01|IGHJ4*01|9|76811
SRR33336518.350444	background	
SRR33336518.350577	enriched	IGHV4-2*01|IGHJ4*01|11|76901
SRR33336518.350838	enriched	IGHV3-20*01|IGHJ4*01|9|24487
SRR33336518.350878	enriched	IGHV3-20*01|IGHJ4*01|10|24515
SRR33336518.350990	background	
SRR33336518.351438	enriched	IGHV3-20*01|IGHJ4*01|13|25137
SRR33336518.351717	enriched	IGHV3-20*01|IGHJ4*01|10|24515
SRR33336518.351853	background	
SRR33336518.351996	background	
SRR33336518.352205	background	
SRR33336518.352296	enriched	IGHV4-2*01|IGHJ6*01|11|81745
SRR33336518.352299	enriched	IGHV3-20*01|IGHJ4*01|10|24515
SRR33336518.352400	enriched	IGHV3-20*01|IGHJ4*01|14|25668
SRR33336518.352466	background	
SRR33336518.352518	enriched	IGHV3-28*01|IGHJ4*01|11|38703
SRR33336518.352624	enriched	IGHV3-20*01|IGHJ4*01|12|24819
SRR33336518.352701	background	
SRR33336518.352835	background	
SRR33336518.352853	enriched	IGHV3-20*01|IGHJ4*01|10|24515
SRR33336518.353062	background	
SRR33336518.353524	enriched	IGHV4-2*01|IGHJ4*01|14|77687
SRR33336518.353898	enriched	IGHV3-20*01|IGHJ4*01|13|25137
SRR33336518.353928	enriched	IGHV3-20*01|IGHJ4*01|9|24487
SRR33336518.353971	background	
SRR33336518.354149	background	
SRR33336518.354165	enriched	IGHV3-20*01|IGHJ6*01|12|32617
SRR33336518.354316	background	
SRR33336518.354342	enriched	IGHV3-20*01|IGHJ6*01|10|32418
SRR33336518.354343	enriched	IGHV3-20*01|IGHJ4*01|10|24515
SRR33336518.354359	background	
SRR33336518.354442	enriched	IGHV3-20*01|IGHJ6*01|10|32418
SRR33336518.354487	enriched	IGHV3-20*01|IGHJ4*01|13|25137
SRR33336518.354567	background	
SRR33336518.354681	enriched	IGHV3-20*01|IGHJ6*01|10|32418
SRR33336518.354688	enriched	IGHV3-20*01|IGHJ4*01|15|26600
SRR33336518.354695	enriched	IGHV3-20*01|IGHJ6*01|12|32617
SRR33336518.354834	enriched	IGHV3-20*01|IGHJ4*01|14|25668
SRR33336518.354989	enriched	IGHV4-2*01|IGHJ4*01|10|76837
SRR33336518.355042	background	
SRR33336518.355373	background	
SRR33336518.355426	enriched	IGHV3-20*01|IGHJ6*01|11|32467
SRR33336518.355510	enriched	IGHV4-2*01|IGHJ6*01|11|81745
SRR33336518.355693	enriched	IGHV4-2*01|IGHJ4*01|9|76811
SRR33336518.356149	background	
SRR33336518.356249	enriched	IGHV3-20*01|IGHJ6*01|11|32467
SRR33336518.356477	enriched	IGHV3-28*01|IGHJ4*01|12|38869
SRR33336518.356575	background	
SRR33336518.356785	enriched	IGHV3-20*01|IGHJ4*01|15|26600
SRR33336518.356830	background	
SRR33336518.356945	background	
SRR33336518.357100	enriched	IGHV4-2*01|IGHJ4*01|10|76837
SRR33336518.357109	enriched	IGHV4-2*01|IGHJ4*01|11|76901
SRR33336518.357267	enriched	IGHV4-2*01|IGHJ4*01|10|76837
SRR33336518.357468	enriched	IGHV3-20*01|IGHJ4*01|10|24515
SRR33336518.357757	background	
SRR33336518.357777	enriched	IGHV4-2*01|IGHJ4*01|13|77297
SRR33336518.357804	enriched	IGHV3-20*01|IGHJ4*01|11|24604
SRR33336518.358103	background	
SRR33336518.358361	background	
SRR33336518.358392	background	
SRR33336518.358398	background	
SRR33336518.358445	enriched	IGHV4-2*01|IGHJ4*01|14|77687
SRR33336518.358449	background	
SRR33336518.358553	background	
SRR33336518.358658	enriched	IGHV3-20*01|IGHJ4*01|13|25137
SRR33336518.358707	background	
SRR33336518.358833	background	
SRR33336518.358906	enriched	IGHV3-20*01|IGHJ6*01|10|32418
SRR33336518.359079	background	
SRR33336518.359124	enriched	IGHV4-2*01|IGHJ4*01|11|76901
SRR33336518.359174	background	
SRR33336518.359189	enriched	IGHV4-2*01|IGHJ4*01|13|77297
SRR33336518.359292	background	
SRR33336518.359340	background	
SRR33336518.359607	enriched	IGHV3-28*01|IGHJ4*01|12|38869
SRR33336518.359995	enriched	IGHV3-20*01|IGHJ4*01|14|25668
SRR33336518.360020	enriched	IGHV4-2*01|IGHJ4*01|10|76837
SRR33336518.360025	enriched	IGHV3-20*01|IGHJ4*01|12|24819
SRR33336518.360173	enriched	IGHV4-2*01|IGHJ4*01|14|77687
SRR33336518.360175	background	
SRR33336518.360262	background	
SRR33336518.360345	background	
SRR33336518.360389	enriched	IGHV4-2*01|IGHJ4*01|15|78307
SRR33336518.360505	background	
SRR33336518.360568	enriched	IGHV4-2*01|IGHJ4*01|12|77041
SRR33336518.360633	enriched	IGHV3-20*01|IGHJ4*01|14|25668
SRR33336518.360741	enriched	IGHV3-20*01|IGHJ4*01|13|25137
SRR33336518.361123	enriched	IGHV4-2*01|IGHJ4*01|13|77297
SRR33336518.361211	background	
SRR33336518.361264	background	
SRR33336518.361386	background	
SRR33336518.361413	enriched	IGHV3-28*01|IGHJ4*01|11|38703
SRR33336518.361853	background	
SRR33336518.361926	background	
SRR33336518.362015	enriched	IGHV4-2*01|IGHJ4*01|10|76837
SRR33336518.362239	background	
SRR33336518.362430	enriched	IGHV4-2*01|IGHJ4*01|14|77687
SRR33336518.362535	enriched	IGHV3-20*01|IGHJ6*01|10|32418
SRR33336518.362568	enriched	IGHV4-2*01|IGHJ4*01|11|76901
SRR33336518.362628	enriched	IGHV4-2*01|IGHJ4*01|11|76901
SRR33336518.362683	background	
SRR33336518.362752	background	
SRR33336518.362870	enriched	IGHV4-2*01|IGHJ4*01|11|76901
SRR33336518.363055	background	
SRR33336518.363079	enriched	IGHV4-2*01|IGHJ4*01|14|77687
SRR33336518.363642	enriched	IGHV3-20*01|IGHJ4*01|12|24819
SRR33336518.364027	enriched	IGHV4-2*01|IGHJ4*01|10|76837
SRR33336518.364048	enriched	IGHV3-20*01|IGHJ6*01|12|32617
SRR33336518.364199	enriched	IGHV3-20*01|IGHJ6*01|10|32418
SRR33336518.364255	enriched	IGHV3-20*01|IGHJ4*01|14|25668
SRR33336518.364356	background	
SRR33336518.364466	background	
SRR33336518.364594	enriched	IGHV3-20*01|IGHJ6*01|10|32418
SRR33336518.364805	enriched	IGHV3-28*01|IGHJ4*01|12|38869
SRR33336518.364971	enriched	IGHV3-20*01|IGHJ6*01|10|32418
SRR33336518.365035	enriched	IGHV4-2*01|IGHJ4*01|10|76837
SRR33336518.365184	background	
SRR33336518.365417	enriched	IGHV3-20*01|IGHJ4*01|14|25668
SRR33336518.365591	enriched	IGHV3-28*01|IGHJ4*01|11|38703
SRR33336518.365633	enriched	IGHV4-2*01|IGHJ4*01|9|76811
SRR33336518.365867	enriched	IGHV4-2*01|IGHJ4*01|15|78307
SRR33336518.365889	enriched	IGHV3-20*01|IGHJ4*01|10|24515
SRR33336518.365993	background	
SRR33336518.366176	enriched	IGHV4-2*01|IGHJ4*01|10|76837
SRR33336518.366180	enriched	IGHV3-28*01|IGHJ4*01|12|38869
SRR33336518.366293	background	
SRR33336518.366358	background	
SRR33336518.366380	enriched	IGHV3-20*01|IGHJ6*01|11|32467
SRR33336518.366725	background	
SRR33336518.366809	enriched	IGHV3-20*01|IGHJ4*01|13|25137
SRR33336518.366908	enriched	IGHV4-2*01|IGHJ4*01|12|77041
SRR33336518.366945	enriched	IGHV3-20*01|IGHJ4*01|13|25137
SRR33336518.366975	background	
SRR33336518.367034	background	
SRR33336518.367241	background	
SRR33336518.367521	background	
SRR33336518.367553	enriched	IGHV4-2*01|IGHJ4*01|12|77041
SRR33336518.367614	enriched	IGHV4-2*01|IGHJ4*01|10|76837
SRR33336518.367770	enriched	IGHV3-20*01|IGHJ4*01|12|24819
SRR33336518.367956	enriched	IGHV3-20*01|IGHJ4*01|10|24515
SRR33336518.367984	background	
SRR33336518.368518	enriched	IGHV3-20*01|IGHJ6*01|10|32418
SRR33336518.368676	enriched	IGHV4-2*01|IGHJ4*01|15|78307
SRR33336518.368922	enriched	IGHV4-2*01|IGHJ4*01|14|77687
SRR33336518.368969	enriched	IGHV3-20*01|IGHJ4*01|10|24515
SRR33336518.369298	enriched	IGHV4-2*01|IGHJ6*01|11|81745
SRR33336518.369312	enriched	IGHV3-20*01|IGHJ4*01|12|24819
SRR33336518.369364	background	
SRR33336518.369467	enriched	IGHV3-28*01|IGHJ4*01|12|38869
SRR33336518.369662	background	
SRR33336518.369700	background	
SRR33336518.369720	enriched	IGHV4-2*01|IGHJ6*01|11|81745
SRR33336518.369860	enriched	IGHV3-20*01|IGHJ6*01|11|32467
SRR33336518.369919	enriched	IGHV3-20*01|IGHJ6*01|11|32467
SRR33336518.369928	background	
SRR33336518.369933	enriched	IGHV3-20*01|IGHJ4*01|11|24604
SRR33336518.369959	enriched	IGHV3-20*01|IGHJ4*01|11|24604
SRR33336518.369990	background	
SRR33336518.370050	enriched	IGHV3-20*01|IGHJ6*01|10|32418
SRR33336518.370088	enriched	IGHV4-2*01|IGHJ4*01|10|76837
SRR33336518.370325	enriched	IGHV4-2*01|IGHJ4*01|12|77041
SRR33336518.370338	background	
SRR33336518.370392	background	
SRR33336518.370470	enriched	IGHV4-2*01|IGHJ6*01|11|81745
SRR33336518.370615	background	
SRR33336518.370660	background	
SRR33336518.370782	enriched	IGHV3-20*01|IGHJ4*01|12|24819
SRR33336518.370823	enriched	IGHV4-2*01|IGHJ4*01|12|77041
SRR33336518.371101	background	
SRR33336518.371594	enriched	IGHV3-20*01|IGHJ6*01|11|32467
SRR33336518.372001	background	
SRR33336518.372113	enriched	IGHV4-2*01|IGHJ4*01|9|76811
SRR33336518.372130	enriched	IGHV3-20*01|IGHJ6*01|10|32418
SRR33336518.372608	background	
SRR33336518.372681	enriched	IGHV3-20*01|IGHJ4*01|11|24604
SRR33336518.372787	enriched	IGHV3-20*01|IGHJ4*01|11|24604
SRR33336518.372951	enriched	IGHV3-20*01|IGHJ6*01|12|32617
SRR33336518.373003	enriched	IGHV4-2*01|IGHJ4*01|9|76811
SRR33336518.373057	enriched	IGHV3-20*01|IGHJ6*01|12|32617
SRR33336518.373156	background	
SRR33336518.373233	enriched	IGHV3-20*01|IGHJ6*01|12|32617
SRR33336518.373342	enriched	IGHV4-2*01|IGHJ4*01|13|77297
SRR33336518.373450	enriched	IGHV3-20*01|IGHJ6*01|11|32467
SRR33336518.373570	background	
SRR33336518.373650	enriched	IGHV3-20*01|IGHJ4*01|12|24819
SRR33336518.373788	enriched	IGHV4-2*01|IGHJ4*01|9|76811
SRR33336518.373792	background	
SRR33336518.373909	enriched	IGHV3-20*01|IGHJ4*01|9|24487
SRR33336518.374026	background	
SRR33336518.374193	enriched	IGHV4-2*01|IGHJ4*01|15|78307
SRR33336518.374417	enriched	IGHV3-28*01|IGHJ4*01|12|38869
SRR33336518.374420	enriched	IGHV3-20*01|IGHJ6*01|10|32418
SRR33336518.374512	background	
SRR33336518.374525	background	
SRR33336518.374526	enriched	IGHV3-20*01|IGHJ4*01|13|25137
SRR33336518.374714	enriched	IGHV3-20*01|IGHJ4*01|13|25137
SRR33336518.374766	enriched	IGHV3-20*01|IGHJ4*01|11|24604
SRR33336518.374855	enriched	IGHV3-20*01|IGHJ6*01|11|32467
SRR33336518.374892	enriched	IGHV4-2*01|IGHJ4*01|14|77687
SRR33336518.374988	enriched	IGHV3-20*01|IGHJ4*01|14|25668
SRR33336518.374995	enriched	IGHV3-20*01|IGHJ4*01|10|24515
SRR33336518.375103	background	
SRR33336518.375200	enriched	IGHV4-2*01|IGHJ4*01|15|78307
SRR33336518.375223	enriched	IGHV4-2*01|IGHJ4*01|9|76811
SRR33336518.375375	enriched	IGHV3-20*01|IGHJ6*01|11|32467
SRR33336518.375497	enriched	IGHV3-20*01|IGHJ4*01|11|24604
SRR33336518.375600	enriched	IGHV3-20*01|IGHJ4*01|9|24487
SRR33336518.375699	enriched	IGHV4-2*01|IGHJ4*01|10|76837
SRR33336518.375821	enriched	IGHV4-2*01|IGHJ4*01|12|77041
SRR33336518.375861	background	
SRR33336518.375950	background	
SRR33336518.375959	enriched	IGHV3-20*01|IGHJ4*01|14|25668
SRR33336518.376203	enriched	IGHV4-2*01|IGHJ4*01|9|76811
SRR33336518.376253	enriched	IGHV3-20*01|IGHJ4*01|15|26600
SRR33336518.376327	enriched	IGHV3-28*01|IGHJ4*01|12|38869
SRR33336518.376359	enriched	IGHV3-20*01|IGHJ6*01|10|32418
SRR33336518.376767	background	
SRR33336518.376786	enriched	IGHV4-2*01|IGHJ4*01|14|77687
SRR33336518.376827	enriched	IGHV3-20*01|IGHJ4*01|13|25137
SRR33336518.376894	background	
SRR33336518.376927	enriched	IGHV3-20*01|IGHJ4*01|9|24487
SRR33336518.376931	enriched	IGHV4-2*01|IGHJ4*01|12|77041
SRR33336518.377062	enriched	IGHV3-20*01|IGHJ4*01|11|24604
SRR33336518.377105	background	
SRR33336518.377204	background	
SRR33336518.377376	enriched	IGHV4-2*01|IGHJ4*01|11|76901
SRR33336518.377640	enriched	IGHV4-2*01|IGHJ6*01|11|81745
SRR33336518.377710	enriched	IGHV4-2*01|IGHJ4*01|10|76837
SRR33336518.377735	enriched	IGHV3-20*01|IGHJ4*01|14|25668
SRR33336518.377755	enriched	IGHV4-2*01|IGHJ4*01|14|77687
SRR33336518.377795	enriched	IGHV4-2*01|IGHJ4*01|12|77041
SRR33336518.377810	background	
SRR33336518.377821	enriched	IGHV4-2*01|IGHJ4*01|14|77687
SRR33336518.377834	enriched	IGHV3-20*01|IGHJ4*01|9|24487
SRR33336518.377923	enriched	IGHV3-20*01|IGHJ6*01|11|32467
SRR33336518.377980	background	
SRR33336518.378080	enriched	IGHV3-20*01|IGHJ4*01|11|24604
SRR33336518.378107	enriched	IGHV4-2*01|IGHJ4*01|14|77687
SRR33336518.378301	enriched	IGHV4-2*01|IGHJ4*01|12|77041
SRR33336518.378329	enriched	IGHV3-20*01|IGHJ6*01|12|32617
SRR33336518.378371	background	
SRR33336518.378424	background	
SRR33336518.378465	background	
SRR33336518.378470	enriched	IGHV4-2*01|IGHJ4*01|12|77041
SRR33336518.378672	enriched	IGHV3-20*01|IGHJ4*01|10|24515
SRR33336518.378752	enriched	IGHV4-2*01|IGHJ4*01|13|77297
SRR33336518.378860	enriched	IGHV4-2*01|IGHJ4*01|11|76901
SRR33336518.378891	background	
SRR33336518.379133	background	
SRR33336518.379185	enriched	IGHV3-20*01|IGHJ4*01|12|24819
SRR33336518.379292	enriched	IGHV4-2*01|IGHJ6*01|11|81745
SRR33336518.379311	enriched	IGHV3-20*01|IGHJ6*01|11|32467
SRR33336518.379428	background	
SRR33336518.379494	enriched	IGHV3-20*01|IGHJ4*01|11|24604
SRR33336518.379853	enriched	IGHV4-2*01|IGHJ4*01|9|76811
SRR33336518.379880	background	
SRR33336518.380000	enriched	IGHV3-20*01|IGHJ4*01|14|25668
SRR33336518.380102	background	
SRR33336518.380178	background	
SRR33336518.380185	enriched	IGHV3-20*01|IGHJ4*01|9|24487
SRR33336518.380351	background	
SRR33336518.380471	enriched	IGHV3-20*01|IGHJ4*01|13|25137
SRR33336518.380532	background	
SRR33336518.380653	enriched	IGHV4-2*01|IGHJ4*01|13|77297
SRR33336518.380678	enriched	IGHV3-20*01|IGHJ4*01|13|25137
SRR33336518.380916	enriched	IGHV4-2*01|IGHJ4*01|10|76837
SRR33336518.380919	enriched	IGHV4-2*01|IGHJ4*01|11|76901
SRR33336518.381249	background	
SRR33336518.381295	enriched	IGHV3-20*01|IGHJ4*01|13|25137
SRR33336518.381353	enriched	IGHV3-20*01|IGHJ4*01|9|24487
SRR33336518.381449	enriched	IGHV3-20*01|IGHJ4*01|10|24515
SRR33336518.381460	enriched	IGHV3-20*01|IGHJ4*01|10|24515
SRR33336518.381640	background	
SRR33336518.381754	enriched	IGHV3-20*01|IGHJ4*01|14|25668
SRR33336518.381982	enriched	IGHV4-2*01|IGHJ4*01|14|77687
SRR33336518.382073	enriched	IGHV3-20*01|IGHJ4*01|13|25137
SRR33336518.382175	enriched	IGHV3-20*01|IGHJ4*01|9|24487
SRR33336518.382367	enriched	IGHV4-2*01|IGHJ6*01|11|81745
SRR33336518.382405	enriched	IGHV4-2*01|IGHJ4*01|10|76837
SRR33336518.382619	enriched	IGHV3-20*01|IGHJ4*01|12|24819
SRR33336518.382669	background	
SRR33336518.382820	background	
SRR33336518.382843	enriched	IGHV4-2*01|IGHJ4*01|15|78307
SRR33336518.383054	enriched	IGHV3-20*01|IGHJ4*01|14|25668
SRR33336518.383183	background	
SRR33336518.383185	enriched	IGHV4-2*01|IGHJ4*01|11|76901
SRR33336518.383219	enriched	IGHV3-20*01|IGHJ6*01|11|32467
SRR33336518.383226	background	
SRR33336518.383245	background	
SRR33336518.383361	background	
SRR33336518.383957	background	
SRR33336518.383980	enriched	IGHV3-20*01|IGHJ4*01|12|24819
SRR33336518.384132	enriched	IGHV4-2*01|IGHJ4*01|14|77687
SRR33336518.384156	background	
SRR33336518.384298	background	
SRR33336518.384356	background	
SRR33336518.384610	enriched	IGHV3-20*01|IGHJ6*01|10|32418
SRR33336518.384834	enriched	IGHV3-20*01|IGHJ4*01|10|24515
SRR33336518.384884	enriched	IGHV4-2*01|IGHJ4*01|9|76811
SRR33336518.385079	background	
SRR33336518.385303	background	
SRR33336518.385402	background	
SRR33336518.385454	background	
SRR33336518.386271	enriched	IGHV4-2*01|IGHJ4*01|10|76837
SRR33336518.386293	background	
SRR33336518.386334	background	
SRR33336518.386521	enriched	IGHV3-20*01|IGHJ4*01|9|24487
SRR33336518.386610	enriched	IGHV3-20*01|IGHJ4*01|15|26600
SRR33336518.386629	enriched	IGHV3-20*01|IGHJ4*01|12|24819
SRR33336518.386740	background	
SRR33336518.386880	background	
SRR33336518.386939	enriched	IGHV3-20*01|IGHJ4*01|13|25137
SRR33336518.387103	enriched	IGHV3-20*01|IGHJ6*01|11|32467
SRR33336518.387130	enriched	IGHV3-20*01|IGHJ4*01|9|24487
SRR33336518.387317	background	
SRR33336518.387400	enriched	IGHV4-2*01|IGHJ4*01|11|76901
SRR33336518.387617	background	
SRR33336518.387645	background	
SRR33336518.387684	enriched	IGHV3-20*01|IGHJ4*01|12|24819
SRR33336518.387726	background	
SRR33336518.387776	enriched	IGHV3-20*01|IGHJ4*01|13|25137
SRR33336518.387815	enriched	IGHV3-28*01|IGHJ4*01|11|38703
SRR33336518.387987	background	
SRR33336518.387996	background	
SRR33336518.387999	enriched	IGHV4-2*01|IGHJ4*01|15|78307
SRR33336518.388044	enriched	IGHV4-2*01|IGHJ4*01|10|76837
SRR33336518.388071	enriched	IGHV3-20*01|IGHJ4*01|10|24515
SRR33336518.388088	background	
SRR33336518.388158	background	
SRR33336518.388229	enriched	IGHV4-2*01|IGHJ4*01|11|76901
SRR33336518.388245	enriched	IGHV3-20*01|IGHJ6*01|11|32467
SRR33336518.388314	enriched	IGHV3-28*01|IGHJ4*01|11|38703
SRR33336518.388327	enriched	IGHV3-20*01|IGHJ4*01|13|25137
SRR33336518.388338	background	
SRR33336518.388411	enriched	IGHV3-20*01|IGHJ4*01|12|24819
SRR33336518.388690	background	
SRR33336518.388842	background	
SRR33336518.388906	background	
SRR33336518.389209	enriched	IGHV4-2*01|IGHJ4*01|9|76811
SRR33336518.389212	enriched	IGHV3-28*01|IGHJ4*01|11|38703
SRR33336518.389463	enriched	IGHV3-20*01|IGHJ6*01|10|32418
SRR33336518.389516	enriched	IGHV4-2*01|IGHJ4*01|14|77687
SRR33336518.389618	enriched	IGHV4-2*01|IGHJ4*01|12|77041
SRR33336518.389669	background	
SRR33336518.389902	background	
SRR33336518.389938	background	
SRR33336518.390033	enriched	IGHV4-2*01|IGHJ4*01|11|76901
SRR33336518.390181	enriched	IGHV4-2*01|IGHJ4*01|13|77297
SRR33336518.390260	enriched	IGHV4-2*01|IGHJ4*01|15|78307
SRR33336518.390295	enriched	IGHV3-20*01|IGHJ4*01|12|24819
SRR33336518.390313	enriched	IGHV3-20*01|IGHJ4*01|10|24515
SRR33336518.390350	background	
SRR33336518.390709	enriched	IGHV3-20*01|IGHJ4*01|11|24604
SRR33336518.390795	enriched	IGHV4-2*01|IGHJ4*01|11|76901
SRR33336518.390871	background	
SRR33336518.391231	enriched	IGHV4-2*01|IGHJ4*01|9|76811
SRR33336518.391268	background	
SRR33336518.391388	enriched	IGHV4-2*01|IGHJ4*01|12|77041
SRR33336518.391634	enriched	IGHV4-2*01|IGHJ4*01|12|77041
SRR33336518.391635	enriched	IGHV3-20*01|IGHJ4*01|11|24604
SRR33336518.391644	enriched	IGHV4-2*01|IGHJ4*01|12|77041
SRR33336518.391661	background	
SRR33336518.391916	enriched	IGHV3-28*01|IGHJ4*01|11|38703
SRR33336518.391939	background	
SRR33336518.391952	background	
SRR33336518.391997	enriched	IGHV4-2*01|IGHJ4*01|9|76811
SRR33336518.392118	background	
SRR33336518.392257	enriched	IGHV3-20*01|IGHJ4*01|12|24819
SRR33336518.392442	enriched	IGHV3-28*01|IGHJ4*01|12|38869
SRR33336518.392761	background	
SRR33336518.392813	enriched	IGHV3-20*01|IGHJ4*01|13|25137
SRR33336518.392846	enriched	IGHV3-28*01|IGHJ4*01|12|38869
SRR33336518.392861	background	
SRR33336518.392881	enriched	IGHV3-20*01|IGHJ4*01|9|24487
SRR33336518.392962	background	
SRR33336518.392969	enriched	IGHV3-20*01|IGHJ4*01|13|25137
SRR33336518.393040	enriched	IGHV3-20*01|IGHJ4*01|13|25137
SRR33336518.393262	background	
SRR33336518.393486	enriched	IGHV4-2*01|IGHJ4*01|12|77041
SRR33336518.393591	enriched	IGHV4-2*01|IGHJ4*01|14|77687
SRR33336518.393648	enriched	IGHV3-20*01|IGHJ6*01|11|32467
SRR33336518.393729	background	
SRR33336518.394061	enriched	IGHV3-20*01|IGHJ4*01|13|25137
SRR33336518.394075	background	
SRR33336518.394129	background	
SRR33336518.394317	background	
SRR33336518.394369	enriched	IGHV3-20*01|IGHJ6*01|10|32418
SRR33336518.394392	enriched	IGHV3-20*01|IGHJ4*01|15|26600
SRR33336518.394513	enriched	IGHV3-20*01|IGHJ6*01|10|32418
SRR33336518.394550	background	
SRR33336518.394593	background	
SRR33336518.394719	background	
SRR33336518.395023	enriched	IGHV3-20*01|IGHJ6*01|10|32418
SRR33336518.395072	enriched	IGHV3-20*01|IGHJ4*01|15|26600
SRR33336518.395455	enriched	IGHV4-2*01|IGHJ4*01|12|77041
SRR33336518.395468	enriched	IGHV3-20*01|IGHJ4*01|13|25137
SRR33336518.395589	enriched	IGHV3-20*01|IGHJ6*01|10|32418
SRR33336518.395604	background	
SRR33336518.395655	enriched	IGHV3-20*01|IGHJ4*01|12|24819
SRR33336518.395739	enriched	IGHV3-28*01|IGHJ4*01|12|38869
SRR33336518.395978	enriched	IGHV3-28*01|IGHJ4*01|11|38703
SRR33336518.396033	background	
SRR33336518.396085	enriched	IGHV3-20*01|IGHJ4*01|13|25137
SRR33336518.396274	enriched	IGHV4-2*01|IGHJ4*01|11|76901
SRR33336518.396509	background	
SRR33336518.396511	enriched	IGHV3-20*01|IGHJ4*01|13|25137
SRR33336518.396611	enriched	IGHV3-20*01|IGHJ4*01|15|26600
SRR33336518.396733	background	
SRR33336518.396829	enriched	IGHV3-20*01|IGHJ6*01|10|32418
SRR33336518.396944	enriched	IGHV3-20*01|IGHJ6*01|10|32418
SRR33336518.397012	enriched	IGHV4-2*01|IGHJ6*01|11|81745
SRR33336518.397017	background	
SRR33336518.397215	enriched	IGHV3-20*01|IGHJ4*01|12|24819
SRR33336518.397264	enriched	IGHV3-20*01|IGHJ4*01|13|25137
SRR33336518.397417	enriched	IGHV4-2*01|IGHJ4*01|12|77041
SRR33336518.397448	enriched	IGHV3-20*01|IGHJ4*01|14|25668
SRR33336518.397483	enriched	IGHV3-20*01|IGHJ4*01|13|25137
SRR33336518.397543	background	
SRR33336518.397677	enriched	IGHV4-2*01|IGHJ6*01|11|81745
SRR33336518.397752	enriched	IGHV4-2*01|IGHJ4*01|14|77687
SRR33336518.398099	background	
SRR33336518.398127	background	
SRR33336518.398209	background	
SRR33336518.398277	enriched	IGHV3-20*01|IGHJ4*01|14|25668
SRR33336518.398325	enriched	IGHV4-2*01|IGHJ4*01|15|78307
SRR33336518.398388	background	
SRR33336518.398408	enriched	IGHV3-20*01|IGHJ4*01|11|24604
SRR33336518.398456	enriched	IGHV4-2*01|IGHJ4*01|9|76811
SRR33336518.398562	enriched	IGHV4-2*01|IGHJ6*01|11|81745
SRR33336518.398585	enriched	IGHV4-2*01|IGHJ4*01|15|78307
SRR33336518.398604	enriched	IGHV3-20*01|IGHJ4*01|14|25668
SRR33336518.398610	enriched	IGHV4-2*01|IGHJ6*01|11|81745
SRR33336518.398731	enriched	IGHV3-20*01|IGHJ4*01|13|25137
SRR33336518.399020	background	
SRR33336518.399338	enriched	IGHV4-2*01|IGHJ4*01|15|78307
SRR33336518.399443	background	
SRR33336518.399474	enriched	IGHV3-20*01|IGHJ4*01|15|26600
SRR33336518.399520	background	
SRR33336518.399623	enriched	IGHV3-20*01|IGHJ6*01|11|32467
SRR33336518.399743	background	
SRR33336518.399749	background	
SRR33336518.399867	enriched	IGHV3-20*01|IGHJ4*01|12|24819
SRR33336518.399942	enriched	IGHV3-20*01|IGHJ4*01|10|24515
SRR33336518.399946	enriched	IGHV3-28*01|IGHJ4*01|12|38869
SRR33336518.399956	enriched	IGHV4-2*01|IGHJ4*01|14|77687
SRR33336518.399992	enriched	IGHV4-2*01|IGHJ4*01|12|77041
SRR33336518.400061	enriched	IGHV4-2*01|IGHJ4*01|9|76811
SRR33336518.400226	enriched	IGHV3-20*01|IGHJ4*01|14|25668
SRR33336518.400273	background	
SRR33336518.400491	background	
SRR33336518.400522	enriched	IGHV4-2*01|IGHJ4*01|14|77687
SRR33336518.400620	background	
SRR33336518.400856	background	
SRR33336518.401101	enriched	IGHV3-20*01|IGHJ4*01|14|25668
SRR33336518.401102	enriched	IGHV4-2*01|IGHJ4*01|12|77041
SRR33336518.401242	background	
SRR33336518.401402	background	
SRR33336518.401546	enriched	IGHV4-2*01|IGHJ6*01|11|81745
SRR33336518.401632	background	
SRR33336518.402095	enriched	IGHV3-20*01|IGHJ4*01|15|26600
SRR33336518.402135	enriched	IGHV3-20*01|IGHJ6*01|12|32617
SRR33336518.402188	background	
SRR33336518.402215	enriched	IGHV4-2*01|IGHJ4*01|15|78307
SRR33336518.402289	enriched	IGHV3-20*01|IGHJ6*01|11|32467
SRR33336518.402400	enriched	IGHV4-2*01|IGHJ4*01|13|77297
SRR33336518.402500	enriched	IGHV3-20*01|IGHJ4*01|15|26600
SRR33336518.403031	background	
SRR33336518.403049	background	
SRR33336518.403083	enriched	IGHV3-28*01|IGHJ4*01|11|38703
SRR33336518.403182	background	
SRR33336518.403222	background	
SRR33336518.403232	enriched	IGHV3-28*01|IGHJ4*01|12|38869
SRR33336518.403324	enriched	IGHV3-20*01|IGHJ4*01|11|24604
SRR33336518.403338	enriched	IGHV3-20*01|IGHJ4*01|11|24604
SRR33336518.403392	background	
SRR33336518.403409	enriched	IGHV3-28*01|IGHJ4*01|12|38869
SRR33336518.403446	enriched	IGHV3-28*01|IGHJ4*01|12|38869
SRR33336518.404093	background	
SRR33336518.404289	enriched	IGHV3-28*01|IGHJ4*01|11|38703
SRR33336518.404593	background	
SRR33336518.404608	background	
SRR33336518.405135	enriched	IGHV4-2*01|IGHJ4*01|10|76837
SRR33336518.405177	enriched	IGHV3-20*01|IGHJ4*01|9|24487
SRR33336518.405609	enriched	IGHV4-2*01|IGHJ4*01|15|78307
SRR33336518.405650	enriched	IGHV3-20*01|IGHJ6*01|12|32617
SRR33336518.405765	enriched	IGHV4-2*01|IGHJ4*01|15|78307
SRR33336518.405909	background	
SRR33336518.405980	enriched	IGHV4-2*01|IGHJ6*01|11|81745
SRR33336518.406036	background	
SRR33336518.406120	enriched	IGHV3-20*01|IGHJ4*01|9|24487
SRR33336518.406123	enriched	IGHV3-20*01|IGHJ4*01|9|24487
SRR33336518.406175	background	
SRR33336518.406516	enriched	IGHV3-20*01|IGHJ4*01|12|24819
SRR33336518.406571	enriched	IGHV3-28*01|IGHJ4*01|11|38703
SRR33336518.406604	enriched	IGHV4-2*01|IGHJ4*01|12|77041
SRR33336518.406819	enriched	IGHV3-28*01|IGHJ4*01|11|38703
SRR33336518.406854	enriched	IGHV3-20*01|IGHJ6*01|12|32617
SRR33336518.406933	enriched	IGHV4-2*01|IGHJ4*01|13|77297
SRR33336518.407008	background	
SRR33336518.407133	background	
SRR33336518.407264	background	
SRR33336518.407317	enriched	IGHV3-20*01|IGHJ6*01|10|32418
SRR33336518.407460	enriched	IGHV4-2*01|IGHJ4*01|14|77687
SRR33336518.407653	background	
SRR33336518.407730	background	
SRR33336518.407838	enriched	IGHV4-2*01|IGHJ4*01|12|77041
SRR33336518.407881	enriched	IGHV3-20*01|IGHJ6*01|12|32617
SRR33336518.407901	background	
SRR33336518.408304	enriched	IGHV3-20*01|IGHJ4*01|12|24819
SRR33336518.408393	enriched	IGHV3-20*01|IGHJ4*01|9|24487
SRR33336518.408437	enriched	IGHV3-20*01|IGHJ6*01|10|32418
SRR33336518.408655	background	
SRR33336518.408998	enriched	IGHV4-2*01|IGHJ4*01|12|77041
SRR33336518.409095	enriched	IGHV3-20*01|IGHJ4*01|14|25668
SRR33336518.409100	background	
SRR33336518.409278	background	
SRR33336518.409501	enriched	IGHV4-2*01|IGHJ4*01|12|77041
SRR33336518.409727	background	
SRR33336518.409843	background	
SRR33336518.409907	enriched	IGHV3-20*01|IGHJ6*01|10|32418
SRR33336518.410063	enriched	IGHV4-2*01|IGHJ4*01|13|77297
SRR33336518.410077	enriched	IGHV4-2*01|IGHJ4*01|15|78307
SRR33336518.410197	background	
SRR33336518.410215	enriched	IGHV4-2*01|IGHJ4*01|9|76811
SRR33336518.410277	background	
SRR33336518.410505	enriched	IGHV3-20*01|IGHJ6*01|11|32467
SRR33336518.410541	background	
SRR33336518.410577	enriched	IGHV3-20*01|IGHJ4*01|10|24515
SRR33336518.410677	enriched	IGHV3-20*01|IGHJ4*01|13|25137
SRR33336518.410722	enriched	IGHV3-20*01|IGHJ4*01|15|26600
SRR33336518.411094	enriched	IGHV4-2*01|IGHJ4*01|13|77297
SRR33336518.411227	enriched	IGHV3-20*01|IGHJ4*01|15|26600
SRR33336518.411247	enriched	IGHV3-20*01|IGHJ6*01|10|32418
SRR33336518.411276	enriched	IGHV3-20*01|IGHJ4*01|13|25137
SRR33336518.411346	enriched	IGHV3-28*01|IGHJ4*01|11|38703
SRR33336518.411459	background	
SRR33336518.411876	background	
SRR33336518.412021	enriched	IGHV3-20*01|IGHJ4*01|10|24515
SRR33336518.412064	enriched	IGHV3-20*01|IGHJ4*01|11|24604
SRR33336518.412213	enriched	IGHV4-2*01|IGHJ4*01|11|76901
SRR33336518.412381	enriched	IGHV4-2*01|IGHJ4*01|14|77687
SRR33336518.412526	background	
SRR33336518.412624	enriched	IGHV3-20*01|IGHJ6*01|10|32418
SRR33336518.412752	enriched	IGHV3-20*01|IGHJ4*01|12|24819
SRR33336518.413108	enriched	IGHV3-28*01|IGHJ4*01|12|38869
SRR33336518.413219	background	
SRR33336518.413269	background	
SRR33336518.413439	enriched	IGHV4-2*01|IGHJ4*01|11|76901
SRR33336518.413822	background	
SRR33336518.413891	enriched	IGHV3-20*01|IGHJ6*01|10|32418
SRR33336518.414321	background	
SRR33336518.414335	enriched	IGHV3-20*01|IGHJ6*01|10|32418
SRR33336518.414427	background	
SRR33336518.414542	enriched	IGHV4-2*01|IGHJ4*01|9|76811
SRR33336518.415021	enriched	IGHV3-20*01|IGHJ4*01|9|24487
SRR33336518.415084	enriched	IGHV4-2*01|IGHJ4*01|12|77041
SRR33336518.415106	enriched	IGHV4-2*01|IGHJ4*01|13|77297
SRR33336518.415110	enriched	IGHV3-20*01|IGHJ4*01|10|24515
SRR33336518.415326	enriched	IGHV4-2*01|IGHJ4*01|11|76901
SRR33336518.415328	background	
SRR33336518.415555	background	
SRR33336518.415660	enriched	IGHV3-20*01|IGHJ4*01|11|24604
SRR33336518.415762	enriched	IGHV3-20*01|IGHJ6*01|12|32617
SRR33336518.415925	enriched	IGHV3-20*01|IGHJ6*01|12|32617
SRR33336518.416017	background	
SRR33336518.416031	background	
SRR33336518.416051	enriched	IGHV3-20*01|IGHJ6*01|12|32617
SRR33336518.416065	background	
SRR33336518.416066	background	
SRR33336518.416067	enriched	IGHV3-20*01|IGHJ4*01|10|24515
SRR33336518.416119	background	
SRR33336518.416200	enriched	IGHV3-20*01|IGHJ4*01|9|24487
SRR33336518.416276	background	
SRR33336518.416519	enriched	IGHV3-20*01|IGHJ4*01|15|26600
SRR33336518.416546	enriched	IGHV3-20*01|IGHJ6*01|12|32617
SRR33336518.416837	enriched	IGHV4-2*01|IGHJ4*01|11|76901
SRR33336518.416856	background	
SRR33336518.417100	enriched	IGHV3-20*01|IGHJ4*01|13|25137
SRR33336518.417232	enriched	IGHV3-28*01|IGHJ4*01|11|38703
SRR33336518.417707	enriched	IGHV4-2*01|IGHJ4*01|11|76901
SRR33336518.417722	enriched	IGHV3-20*01|IGHJ6*01|12|32617
SRR33336518.417937	enriched	IGHV4-2*01|IGHJ4*01|15|78307
SRR33336518.418139	background	
SRR33336518.418148	enriched	IGHV3-20*01|IGHJ4*01|13|25137
SRR33336518.418213	background	
SRR33336518.418699	enriched	IGHV3-20*01|IGHJ6*01|11|32467
SRR33336518.418719	background	
SRR33336518.418910	enriched	IGHV4-2*01|IGHJ4*01|14|77687
SRR33336518.418995	background	
SRR33336518.419050	background	
SRR33336518.419073	enriched	IGHV3-20*01|IGHJ6*01|10|32418
SRR33336518.419135	enriched	IGHV3-20*01|IGHJ4*01|10|24515
SRR33336518.419138	background	
SRR33336518.419149	enriched	IGHV4-2*01|IGHJ4*01|12|77041
SRR33336518.419320	enriched	IGHV4-2*01|IGHJ4*01|12|77041
SRR33336518.419354	background	
SRR33336518.419390	background	
SRR33336518.419460	enriched	IGHV4-2*01|IGHJ4*01|13|77297
SRR33336518.419638	background	
SRR33336518.419698	enriched	IGHV4-2*01|IGHJ4*01|13|77297
SRR33336518.419706	enriched	IGHV3-20*01|IGHJ6*01|10|32418
SRR33336518.420000	enriched	IGHV3-20*01|IGHJ6*01|12|32617
SRR33336518.420054	background	
SRR33336518.420247	enriched	IGHV3-20*01|IGHJ4*01|9|24487
SRR33336518.420316	enriched	IGHV3-28*01|IGHJ4*01|11|38703
SRR33336518.420499	enriched	IGHV3-20*01|IGHJ4*01|10|24515
SRR33336518.420754	enriched	IGHV4-2*01|IGHJ4*01|9|76811
SRR33336518.420758	background	
SRR33336518.420783	enriched	IGHV3-20*01|IGHJ4*01|10|24515
SRR33336518.420816	enriched	IGHV4-2*01|IGHJ6*01|11|81745
SRR33336518.420818	background	
SRR33336518.420869	enriched	IGHV3-20*01|IGHJ4*01|12|24819
SRR33336518.420905	background	
SRR33336518.421002	background	
SRR33336518.421256	enriched	IGHV4-2*01|IGHJ4*01|12|77041
SRR33336518.421302	enriched	IGHV3-20*01|IGHJ4*01|11|24604
SRR33336518.421327	enriched	IGHV4-2*01|IGHJ4*01|12|77041
SRR33336518.421362	enriched	IGHV3-20*01|IGHJ4*01|9|24487
SRR33336518.421907	enriched	IGHV3-20*01|IGHJ4*01|12|24819
SRR33336518.421951	enriched	IGHV3-20*01|IGHJ6*01|10|32418
SRR33336518.422116	background	
SRR33336518.422486	background	
SRR33336518.422748	enriched	IGHV4-2*01|IGHJ4*01|9|76811
SRR33336518.422847	background	
SRR33336518.422892	background	
SRR33336518.423051	background	
SRR33336518.423089	background	
SRR33336518.423172	background	
SRR33336518.423210	enriched	IGHV4-2*01|IGHJ4*01|13|77297
SRR33336518.423308	background	
SRR33336518.423367	background	
SRR33336518.423403	enriched	IGHV3-20*01|IGHJ4*01|9|24487
SRR33336518.423483	enriched	IGHV3-20*01|IGHJ6*01|11|32467
SRR33336518.423609	enriched	IGHV3-20*01|IGHJ4*01|12|24819
SRR33336518.423738	background	
SRR33336518.423787	background	
SRR33336518.424153	background	
SRR33336518.424309	enriched	IGHV4-2*01|IGHJ4*01|14|77687
SRR33336518.424863	background	
SRR33336518.424905	enriched	IGHV4-2*01|IGHJ4*01|9|76811
SRR33336518.424998	background	
SRR33336518.425197	enriched	IGHV4-2*01|IGHJ4*01|13|77297
SRR33336518.425706	background	
SRR33336518.425722	enriched	IGHV3-28*01|IGHJ4*01|12|38869
SRR33336518.425743	background	
SRR33336518.425860	enriched	IGHV4-2*01|IGHJ4*01|13|77297
SRR33336518.425971	enriched	IGHV3-20*01|IGHJ6*01|12|32617
SRR33336518.425980	background	
SRR33336518.426088	enriched	IGHV4-2*01|IGHJ4*01|10|76837
SRR33336518.426295	background	
SRR33336518.426350	background	
SRR33336518.426393	background	
SRR33336518.426402	enriched	IGHV3-20*01|IGHJ6*01|10|32418
SRR33336518.426458	enriched	IGHV3-20*01|IGHJ4*01|9|24487
SRR33336518.426529	background	
SRR33336518.426585	background	
SRR33336518.426701	enriched	IGHV4-2*01|IGHJ6*01|11|81745
SRR33336518.426815	enriched	IGHV3-28*01|IGHJ4*01|11|38703
SRR33336518.427146	background	
SRR33336518.427203	background	
SRR33336518.427281	enriched	IGHV3-20*01|IGHJ6*01|10|32418
SRR33336518.427358	enriched	IGHV3-20*01|IGHJ4*01|15|26600
SRR33336518.427359	enriched	IGHV4-2*01|IGHJ4*01|11|76901
SRR33336518.427483	background	
SRR33336518.427635	background	
SRR33336518.427821	enriched	IGHV4-2*01|IGHJ4*01|11|76901
SRR33336518.427877	enriched	IGHV3-20*01|IGHJ4*01|14|25668
SRR33336518.427986	enriched	IGHV4-2*01|IGHJ4*01|9|76811
SRR33336518.428102	background	
SRR33336518.428193	enriched	IGHV4-2*01|IGHJ4*01|11|76901
SRR33336518.428498	background	
SRR33336518.428510	background	
SRR33336518.428591	enriched	IGHV3-20*01|IGHJ4*01|10|24515
SRR33336518.428950	enriched	IGHV3-20*01|IGHJ4*01|10|24515
SRR33336518.429143	background	
SRR33336518.429214	enriched	IGHV3-20*01|IGHJ4*01|9|24487
SRR33336518.429279	background	
SRR33336518.429342	background	
SRR33336518.429430	background	
SRR33336518.429559	background	
SRR33336518.429836	enriched	IGHV3-20*01|IGHJ4*01|9|24487
SRR33336518.430113	background	
SRR33336518.430216	background	
SRR33336518.430426	enriched	IGHV3-20*01|IGHJ4*01|13|25137
SRR33336518.430479	enriched	IGHV4-2*01|IGHJ4*01|10|76837
SRR33336518.430655	enriched	IGHV3-20*01|IGHJ4*01|14|25668
SRR33336518.430749	enriched	IGHV3-28*01|IGHJ4*01|11|38703
SRR33336518.430844	enriched	IGHV3-20*01|IGHJ4*01|15|26600
SRR33336518.430944	enriched	IGHV4-2*01|IGHJ4*01|12|77041
SRR33336518.430991	enriched	IGHV3-20*01|IGHJ4*01|11|24604
SRR33336518.430997	background	
SRR33336518.431352	enriched	IGHV4-2*01|IGHJ4*01|9|76811
SRR33336518.431452	background	
SRR33336518.431645	enriched	IGHV3-20*01|IGHJ4*01|15|26600
SRR33336518.431889	background	
SRR33336518.432241	background	
SRR33336518.432504	background	
SRR33336518.432806	enriched	IGHV3-20*01|IGHJ6*01|10|32418
SRR33336518.432834	enriched	IGHV4-2*01|IGHJ4*01|15|78307
SRR33336518.432953	enriched	IGHV3-28*01|IGHJ4*01|12|38869
SRR33336518.432961	enriched	IGHV3-20*01|IGHJ4*01|12|24819
SRR33336518.433054	enriched	IGHV4-2*01|IGHJ4*01|14|77687
SRR33336518.433284	enriched	IGHV4-2*01|IGHJ4*01|11|76901
SRR33336518.433343	enriched	IGHV3-20*01|IGHJ4*01|9|24487
SRR33336518.433399	background	
SRR33336518.433637	enriched	IGHV3-20*01|IGHJ4*01|10|24515
SRR33336518.433680	enriched	IGHV4-2*01|IGHJ4*01|11|76901
SRR33336518.433822	background	
SRR33336518.433882	enriched	IGHV3-20*01|IGHJ4*01|12|24819
SRR33336518.434076	enriched	IGHV3-20*01|IGHJ4*01|15|26600
SRR33336518.434144	enriched	IGHV3-28*01|IGHJ4*01|11|38703
SRR33336518.434556	background	
SRR33336518.434599	background	
SRR33336518.434611	enriched	IGHV3-20*01|IGHJ4*01|13|25137
SRR33336518.434704	enriched	IGHV4-2*01|IGHJ4*01|14|77687
SRR33336518.434921	background	
SRR33336518.434941	enriched	IGHV3-20*01|IGHJ6*01|11|32467
SRR33336518.435093	enriched	IGHV3-20*01|IGHJ4*01|15|26600
SRR33336518.435102	background	
SRR33336518.435390	background	
SRR33336518.435392	background	
SRR33336518.435464	enriched	IGHV4-2*01|IGHJ4*01|10|76837
SRR33336518.435504	background	
SRR33336518.435558	background	
SRR33336518.435566	enriched	IGHV3-20*01|IGHJ6*01|12|32617
SRR33336518.435592	enriched	IGHV3-20*01|IGHJ6*01|10|32418
SRR33336518.435631	background	
SRR33336518.435689	enriched	IGHV3-20*01|IGHJ4*01|15|26600
SRR33336518.435701	background	
SRR33336518.435888	enriched	IGHV4-2*01|IGHJ4*01|13|77297
SRR33336518.436298	background	
SRR33336518.436350	enriched	IGHV4-2*01|IGHJ4*01|10|76837
SRR33336518.436415	enriched	IGHV3-20*01|IGHJ4*01|10|24515
SRR33336518.436458	enriched	IGHV4-2*01|IGHJ4*01|13|77297
SRR33336518.436504	background	
SRR33336518.436569	background	
SRR33336518.436590	enriched	IGHV3-20*01|IGHJ4*01|12|24819
SRR33336518.436669	enriched	IGHV4-2*01|IGHJ4*01|15|78307
SRR33336518.436769	enriched	IGHV4-2*01|IGHJ4*01|9|76811
SRR33336518.436971	enriched	IGHV4-2*01|IGHJ4*01|9|76811
SRR33336518.437242	background	
SRR33336518.437270	enriched	IGHV3-20*01|IGHJ4*01|13|25137
SRR33336518.437375	background	
SRR33336518.437420	enriched	IGHV4-2*01|IGHJ4*01|10|76837
SRR33336518.437450	background	
SRR33336518.437457	enriched	IGHV4-2*01|IGHJ4*01|15|78307
SRR33336518.437528	enriched	IGHV3-20*01|IGHJ4*01|9|24487
SRR33336518.437606	enriched	IGHV3-20*01|IGHJ4*01|10|24515
SRR33336518.437747	enriched	IGHV4-2*01|IGHJ4*01|15|78307
SRR33336518.437798	background	
SRR33336518.437860	background	
SRR33336518.438002	background	
SRR33336518.438069	enriched	IGHV3-20*01|IGHJ4*01|15|26600
SRR33336518.438573	enriched	IGHV4-2*01|IGHJ4*01|15|78307
SRR33336518.438674	enriched	IGHV4-2*01|IGHJ4*01|13|77297
SRR33336518.438718	enriched	IGHV4-2*01|IGHJ4*01|15|78307
SRR33336518.438783	enriched	IGHV4-2*01|IGHJ4*01|14|77687
SRR33336518.438811	background	
SRR33336518.438859	background	
SRR33336518.439057	background	
SRR33336518.439191	enriched	IGHV3-20*01|IGHJ4*01|13|25137
SRR33336518.439297	enriched	IGHV3-20*01|IGHJ4*01|15|26600
SRR33336518.439412	enriched	IGHV3-20*01|IGHJ4*01|15|26600
SRR33336518.439505	enriched	IGHV3-20*01|IGHJ4*01|14|25668
SRR33336518.439847	enriched	IGHV3-28*01|IGHJ4*01|12|38869
SRR33336518.440093	enriched	IGHV3-20*01|IGHJ4*01|13|25137
SRR33336518.440223	background	
SRR33336518.440399	enriched	IGHV4-2*01|IGHJ4*01|14|77687
SRR33336518.440409	background	
SRR33336518.440427	enriched	IGHV3-20*01|IGHJ6*01|10|32418
SRR33336518.440459	enriched	IGHV3-28*01|IGHJ4*01|11|38703
SRR33336518.440556	background	
SRR33336518.441015	background	
SRR33336518.441047	background	
SRR33336518.441098	background	
SRR33336518.441159	background	
SRR33336518.441697	background	
SRR33336518.441816	enriched	IGHV3-20*01|IGHJ6*01|12|32617
SRR33336518.441848	background	
SRR33336518.442079	background	
SRR33336518.442114	background	
SRR33336518.442582	background	
SRR33336518.442643	background	
SRR33336518.442679	background	
SRR33336518.442692	enriched	IGHV3-20*01|IGHJ6*01|12|32617
SRR33336518.442759	enriched	IGHV3-28*01|IGHJ4*01|12|38869
SRR33336518.442926	background	
SRR33336518.442955	background	
SRR33336518.443020	enriched	IGHV4-2*01|IGHJ4*01|12|77041
SRR33336518.443021	background	
SRR33336518.443064	enriched	IGHV3-20*01|IGHJ6*01|12|32617
SRR33336518.443125	background	
SRR33336518.443313	background	
SRR33336518.443569	background	
SRR33336518.443610	background	
SRR33336518.443634	background	
SRR33336518.443640	enriched	IGHV3-20*01|IGHJ4*01|14|25668
SRR33336518.443660	enriched	IGHV3-28*01|IGHJ4*01|12|38869
SRR33336518.443905	enriched	IGHV3-28*01|IGHJ4*01|12|38869
SRR33336518.443952	background	
SRR33336518.444052	enriched	IGHV3-20*01|IGHJ4*01|11|24604
SRR33336518.444111	background	
SRR33336518.444308	background	
SRR33336518.444338	enriched	IGHV3-20*01|IGHJ4*01|13|25137
SRR33336518.444389	background	
SRR33336518.444609	background	
SRR33336518.444731	enriched	IGHV3-20*01|IGHJ4*01|10|24515
SRR33336518.444931	enriched	IGHV3-20*01|IGHJ4*01|12|24819
SRR33336518.444989	enriched	IGHV4-2*01|IGHJ4*01|11|76901
SRR33336518.445017	enriched	IGHV3-20*01|IGHJ6*01|10|32418
SRR33336518.445274	background	
SRR33336518.445695	enriched	IGHV3-20*01|IGHJ6*01|11|32467
SRR33336518.445909	enriched	IGHV3-20*01|IGHJ6*01|11|32467
SRR33336518.446078	background	
SRR33336518.446197	background	
SRR33336518.446362	enriched	IGHV3-20*01|IGHJ6*01|10|32418
SRR33336518.446434	enriched	IGHV4-2*01|IGHJ4*01|15|78307
SRR33336518.446454	background	
SRR33336518.446483	enriched	IGHV3-20*01|IGHJ4*01|15|26600
SRR33336518.446588	background	
SRR33336518.446622	background	
SRR33336518.446726	enriched	IGHV4-2*01|IGHJ4*01|12|77041
SRR33336518.446831	enriched	IGHV4-2*01|IGHJ4*01|14|77687
SRR33336518.446849	background	
SRR33336518.446919	enriched	IGHV4-2*01|IGHJ4*01|14|77687
SRR33336518.446984	enriched	IGHV3-20*01|IGHJ4*01|12|24819
SRR33336518.447129	enriched	IGHV3-20*01|IGHJ4*01|11|24604
SRR33336518.447179	background	
SRR33336518.447406	background	
SRR33336518.447426	enriched	IGHV4-2*01|IGHJ4*01|13|77297
SRR33336518.447437	background	
SRR33336518.447462	enriched	IGHV3-20*01|IGHJ4*01|11|24604
SRR33336518.447599	enriched	IGHV4-2*01|IGHJ4*01|10|76837
SRR33336518.447654	background	
SRR33336518.447671	enriched	IGHV3-28*01|IGHJ4*01|11|38703
SRR33336518.447826	enriched	IGHV4-2*01|IGHJ4*01|14|77687
SRR33336518.448038	background	
SRR33336518.448095	enriched	IGHV4-2*01|IGHJ6*01|11|81745
SRR33336518.448183	background	
SRR33336518.448187	enriched	IGHV3-20*01|IGHJ4*01|12|24819
SRR33336518.448259	enriched	IGHV3-20*01|IGHJ4*01|15|26600
SRR33336518.448371	enriched	IGHV3-20*01|IGHJ4*01|11|24604
SRR33336518.448416	background	
SRR33336518.448728	background	
SRR33336518.448779	enriched	IGHV3-20*01|IGHJ6*01|12|32617
SRR33336518.449009	background	
SRR33336518.449319	enriched	IGHV3-20*01|IGHJ4*01|13|25137
SRR33336518.449330	enriched	IGHV3-28*01|IGHJ4*01|12|38869
SRR33336518.449773	background	
SRR33336518.450064	enriched	IGHV4-2*01|IGHJ4*01|14|77687
SRR33336518.450166	enriched	IGHV3-20*01|IGHJ6*01|11|32467
SRR33336518.450194	enriched	IGHV4-2*01|IGHJ4*01|10|76837
SRR33336518.450230	background	
SRR33336518.450259	background	
SRR33336518.450856	enriched	IGHV3-28*01|IGHJ4*01|11|38703
SRR33336518.450865	enriched	IGHV4-2*01|IGHJ4*01|9|76811
SRR33336518.451071	enriched	IGHV3-20*01|IGHJ4*01|14|25668
SRR33336518.451147	enriched	IGHV4-2*01|IGHJ4*01|12|77041
SRR33336518.451223	enriched	IGHV3-20*01|IGHJ4*01|11|24604
SRR33336518.451328	background	
SRR33336518.451378	enriched	IGHV3-20*01|IGHJ4*01|15|26600
SRR33336518.451656	background	
SRR33336518.451686	enriched	IGHV3-20*01|IGHJ4*01|11|24604
SRR33336518.451889	background	
SRR33336518.451955	enriched	IGHV4-2*01|IGHJ4*01|9|76811
SRR33336518.451964	enriched	IGHV4-2*01|IGHJ4*01|14|77687
SRR33336518.452079	enriched	IGHV3-20*01|IGHJ4*01|15|26600
SRR33336518.452355	enriched	IGHV3-20*01|IGHJ4*01|12|24819
SRR33336518.452363	enriched	IGHV4-2*01|IGHJ4*01|13|77297
SRR33336518.452419	background	
SRR33336518.452437	background	
SRR33336518.452450	enriched	IGHV4-2*01|IGHJ4*01|11|76901
SRR33336518.452552	background	
SRR33336518.452620	enriched	IGHV4-2*01|IGHJ4*01|12|77041
SRR33336518.452662	background	
SRR33336518.452729	enriched	IGHV3-20*01|IGHJ4*01|12|24819
SRR33336518.452987	background	
SRR33336518.452988	enriched	IGHV4-2*01|IGHJ4*01|12|77041
SRR33336518.453211	background	
SRR33336518.453222	background	
SRR33336518.453336	background	
SRR33336518.453702	background	
SRR33336518.453943	background	
SRR33336518.453944	enriched	IGHV3-20*01|IGHJ4*01|12|24819
SRR33336518.454006	enriched	IGHV4-2*01|IGHJ4*01|13|77297
SRR33336518.454275	background	
SRR33336518.454277	enriched	IGHV4-2*01|IGHJ4*01|14|77687
SRR33336518.454315	enriched	IGHV3-20*01|IGHJ6*01|11|32467
SRR33336518.454463	enriched	IGHV4-2*01|IGHJ4*01|10|76837
SRR33336518.454647	background	
SRR33336518.454784	enriched	IGHV3-20*01|IGHJ6*01|11|32467
SRR33336518.454830	enriched	IGHV4-2*01|IGHJ4*01|10|76837
SRR33336518.454976	background	
SRR33336518.455013	background	
SRR33336518.455178	enriched	IGHV4-2*01|IGHJ4*01|11|76901
SRR33336518.455245	enriched	IGHV3-20*01|IGHJ4*01|13|25137
SRR33336518.455248	background	
SRR33336518.455476	background	
SRR33336518.455486	enriched	IGHV4-2*01|IGHJ4*01|10|76837
SRR33336518.455545	enriched	IGHV3-20*01|IGHJ6*01|11|32467
SRR33336518.455658	enriched	IGHV3-20*01|IGHJ4*01|12|24819
SRR33336518.456032	background	
SRR33336518.456200	enriched	IGHV4-2*01|IGHJ4*01|9|76811
SRR33336518.456257	background	
SRR33336518.456471	enriched	IGHV4-2*01|IGHJ4*01|10|76837
SRR33336518.456531	enriched	IGHV4-2*01|IGHJ4*01|15|78307
SRR33336518.456768	enriched	IGHV4-2*01|IGHJ4*01|12|77041
SRR33336518.456776	background	
SRR33336518.456804	enriched	IGHV3-20*01|IGHJ4*01|14|25668
SRR33336518.456838	enriched	IGHV3-20*01|IGHJ6*01|10|32418
SRR33336518.457131	background	
SRR33336518.457271	enriched	IGHV3-20*01|IGHJ4*01|14|25668
SRR33336518.457410	background	
SRR33336518.457572	background	
SRR33336518.457595	enriched	IGHV3-20*01|IGHJ4*01|9|24487
SRR33336518.457613	enriched	IGHV3-28*01|IGHJ4*01|12|38869
SRR33336518.457709	enriched	IGHV3-20*01|IGHJ4*01|15|26600
SRR33336518.458101	enriched	IGHV3-20*01|IGHJ4*01|9|24487
SRR33336518.458152	background	
SRR33336518.458177	enriched	IGHV4-2*01|IGHJ4*01|15|78307
SRR33336518.458270	enriched	IGHV4-2*01|IGHJ4*01|10|76837
SRR33336518.458276	enriched	IGHV4-2*01|IGHJ4*01|13|77297
SRR33336518.458504	enriched	IGHV3-20*01|IGHJ4*01|10|24515
SRR33336518.458633	background	
SRR33336518.458766	enriched	IGHV4-2*01|IGHJ4*01|15|78307
SRR33336518.458795	background	
SRR33336518.458873	background	
SRR33336518.458874	enriched	IGHV4-2*01|IGHJ6*01|11|81745
SRR33336518.458891	enriched	IGHV4-2*01|IGHJ4*01|10|76837
SRR33336518.458943	enriched	IGHV4-2*01|IGHJ4*01|13|77297
SRR33336518.458997	enriched	IGHV3-20*01|IGHJ6*01|12|32617
SRR33336518.458998	enriched	IGHV3-20*01|IGHJ4*01|9|24487
SRR33336518.459032	enriched	IGHV4-2*01|IGHJ4*01|14|77687
SRR33336518.459061	enriched	IGHV3-20*01|IGHJ6*01|11|32467
SRR33336518.459228	enriched	IGHV4-2*01|IGHJ4*01|13|77297
SRR33336518.459547	background	
SRR33336518.459548	enriched	IGHV4-2*01|IGHJ4*01|15|78307
SRR33336518.459549	enriched	IGHV3-20*01|IGHJ4*01|9|24487
SRR33336518.459577	background	
SRR33336518.459636	background	
SRR33336518.459719	enriched	IGHV4-2*01|IGHJ4*01|15|78307
SRR33336518.459878	background	
SRR33336518.459891	enriched	IGHV4-2*01|IGHJ4*01|15|78307
SRR33336518.460019	enriched	IGHV4-2*01|IGHJ4*01|13|77297
SRR33336518.460085	background	
SRR33336518.460116	enriched	IGHV4-2*01|IGHJ4*01|12|77041
SRR33336518.460120	background	
SRR33336518.460553	enriched	IGHV3-20*01|IGHJ6*01|10|32418
SRR33336518.460858	enriched	IGHV4-2*01|IGHJ4*01|9|76811
SRR33336518.460869	enriched	IGHV4-2*01|IGHJ6*01|11|81745
SRR33336518.460974	background	
SRR33336518.461178	enriched	IGHV4-2*01|IGHJ4*01|13|77297
SRR33336518.461296	background	
SRR33336518.461364	background	
SRR33336518.461421	enriched	IGHV4-2*01|IGHJ4*01|12|77041
SRR33336518.461636	background	
SRR33336518.462250	enriched	IGHV3-20*01|IGHJ4*01|13|25137
SRR33336518.462278	background	
SRR33336518.462329	enriched	IGHV4-2*01|IGHJ6*01|11|81745
SRR33336518.462403	enriched	IGHV4-2*01|IGHJ4*01|13|77297
SRR33336518.462414	enriched	IGHV3-28*01|IGHJ4*01|12|38869
SRR33336518.462792	enriched	IGHV4-2*01|IGHJ4*01|9|76811
SRR33336518.462887	background	
SRR33336518.463018	background	
SRR33336518.463037	enriched	IGHV4-2*01|IGHJ4*01|15|78307
SRR33336518.463053	enriched	IGHV3-20*01|IGHJ6*01|11|32467
SRR33336518.463080	enriched	IGHV3-20*01|IGHJ4*01|12|24819
SRR33336518.463219	background	
SRR33336518.463420	enriched	IGHV4-2*01|IGHJ4*01|15|78307
SRR33336518.463454	background	
SRR33336518.463560	enriched	IGHV4-2*01|IGHJ4*01|15|78307
SRR33336518.463608	enriched	IGHV4-2*01|IGHJ4*01|12|77041
SRR33336518.463739	enriched	IGHV4-2*01|IGHJ4*01|9|76811
SRR33336518.463905	background	
SRR33336518.464329	enriched	IGHV3-20*01|IGHJ4*01|10|24515
SRR33336518.464367	background	
SRR33336518.464694	background	
SRR33336518.465136	background	
SRR33336518.465207	enriched	IGHV3-28*01|IGHJ4*01|11|38703
SRR33336518.465228	background	
SRR33336518.465273	background	
SRR33336518.465287	background	
SRR33336518.465332	background	
SRR33336518.465365	enriched	IGHV4-2*01|IGHJ4*01|11|76901
SRR33336518.465376	background	
SRR33336518.465448	enriched	IGHV4-2*01|IGHJ6*01|11|81745
SRR33336518.465746	background	
SRR33336518.466082	enriched	IGHV4-2*01|IGHJ4*01|13|77297
SRR33336518.466120	enriched	IGHV3-20*01|IGHJ4*01|14|25668
SRR33336518.466163	background	
SRR33336518.466184	enriched	IGHV3-20*01|IGHJ4*01|15|26600
SRR33336518.466226	background	
SRR33336518.466393	background	
SRR33336518.466494	enriched	IGHV4-2*01|IGHJ4*01|15|78307
SRR33336518.466578	enriched	IGHV3-20*01|IGHJ4*01|13|25137
SRR33336518.466647	enriched	IGHV4-2*01|IGHJ6*01|11|81745
SRR33336518.466736	background	
SRR33336518.466771	background	
SRR33336518.466814	background	
SRR33336518.467057	enriched	IGHV4-2*01|IGHJ4*01|11|76901
SRR33336518.467334	enriched	IGHV4-2*01|IGHJ4*01|12|77041
SRR33336518.467369	background	
SRR33336518.467372	background	
SRR33336518.467558	enriched	IGHV3-20*01|IGHJ4*01|11|24604
SRR33336518.467766	enriched	IGHV4-2*01|IGHJ4*01|11|76901
SRR33336518.467891	enriched	IGHV4-2*01|IGHJ4*01|12|77041
SRR33336518.467895	enriched	IGHV4-2*01|IGHJ4*01|10|76837
SRR33336518.468087	enriched	IGHV3-20*01|IGHJ4*01|14|25668
SRR33336518.468164	enriched	IGHV3-20*01|IGHJ4*01|14|25668
SRR33336518.468204	background	
SRR33336518.468429	background	
SRR33336518.468436	background	
SRR33336518.468544	enriched	IGHV3-20*01|IGHJ4*01|10|24515
SRR33336518.468565	background	
SRR33336518.468592	enriched	IGHV4-2*01|IGHJ4*01|13|77297
SRR33336518.468593	enriched	IGHV4-2*01|IGHJ4*01|10|76837
SRR33336518.468616	enriched	IGHV4-2*01|IGHJ4*01|13|77297
SRR33336518.468835	background	
SRR33336518.468867	enriched	IGHV3-20*01|IGHJ4*01|13|25137
SRR33336518.468868	enriched	IGHV3-20*01|IGHJ4*01|10|24515
SRR33336518.468999	background	
SRR33336518.469280	enriched	IGHV3-20*01|IGHJ4*01|10|24515
SRR33336518.469355	enriched	IGHV4-2*01|IGHJ4*01|14|77687
SRR33336518.469438	background	
SRR33336518.469442	background	
SRR33336518.469497	background	
SRR33336518.469589	background	
SRR33336518.469624	enriched	IGHV3-20*01|IGHJ4*01|13|25137
SRR33336518.469678	enriched	IGHV4-2*01|IGHJ4*01|13|77297
SRR33336518.469932	enriched	IGHV4-2*01|IGHJ4*01|14|77687
SRR33336518.470160	enriched	IGHV3-20*01|IGHJ4*01|13|25137
SRR33336518.470170	background	
SRR33336518.470219	enriched	IGHV3-20*01|IGHJ4*01|10|24515
SRR33336518.470235	enriched	IGHV3-20*01|IGHJ4*01|9|24487
SRR33336518.470408	enriched	IGHV4-2*01|IGHJ4*01|10|76837
SRR33336518.470429	background	
SRR33336518.470436	enriched	IGHV3-20*01|IGHJ4*01|13|25137
SRR33336518.470556	enriched	IGHV3-20*01|IGHJ4*01|15|26600
SRR33336518.470575	background	
SRR33336518.470651	enriched	IGHV4-2*01|IGHJ6*01|11|81745
SRR33336518.470745	background	
SRR33336518.470812	enriched	IGHV4-2*01|IGHJ6*01|11|81745
SRR33336518.470813	enriched	IGHV4-2*01|IGHJ6*01|11|81745
SRR33336518.470818	background	
SRR33336518.470975	enriched	IGHV3-20*01|IGHJ4*01|13|25137
SRR33336518.471368	background	
SRR33336518.471459	enriched	IGHV4-2*01|IGHJ4*01|12|77041
SRR33336518.471516	background	
SRR33336518.471706	background	
SRR33336518.471775	enriched	IGHV4-2*01|IGHJ4*01|10|76837
SRR33336518.471816	enriched	IGHV4-2*01|IGHJ6*01|11|81745
SRR33336518.472130	background	
SRR33336518.472234	enriched	IGHV4-2*01|IGHJ4*01|11|76901
SRR33336518.472476	enriched	IGHV4-2*01|IGHJ4*01|10|76837
SRR33336518.472581	enriched	IGHV4-2*01|IGHJ4*01|11|76901
SRR33336518.472628	enriched	IGHV3-20*01|IGHJ4*01|15|26600
SRR33336518.472691	enriched	IGHV4-2*01|IGHJ6*01|11|81745
SRR33336518.472769	enriched	IGHV3-20*01|IGHJ4*01|10|24515
SRR33336518.472811	enriched	IGHV4-2*01|IGHJ4*01|10|76837
SRR33336518.472979	enriched	IGHV3-20*01|IGHJ4*01|13|25137
SRR33336518.473073	enriched	IGHV3-20*01|IGHJ4*01|9|24487
SRR33336518.473171	background	
SRR33336518.473210	enriched	IGHV3-20*01|IGHJ6*01|12|32617
SRR33336518.473464	background	
SRR33336518.473501	background	
SRR33336518.473505	enriched	IGHV3-20*01|IGHJ4*01|10|24515
SRR33336518.473753	enriched	IGHV3-20*01|IGHJ4*01|11|24604
SRR33336518.473794	enriched	IGHV3-20*01|IGHJ4*01|10|24515
SRR33336518.473830	background	
SRR33336518.473872	background	
SRR33336518.473902	enriched	IGHV3-28*01|IGHJ4*01|11|38703
SRR33336518.473961	enriched	IGHV3-20*01|IGHJ4*01|10|24515
SRR33336518.473993	background	
SRR33336518.474057	enriched	IGHV3-20*01|IGHJ4*01|14|25668
SRR33336518.474076	enriched	IGHV4-2*01|IGHJ6*01|11|81745
SRR33336518.474261	enriched	IGHV4-2*01|IGHJ4*01|14|77687
SRR33336518.474417	enriched	IGHV3-20*01|IGHJ4*01|15|26600
SRR33336518.474575	enriched	IGHV3-28*01|IGHJ4*01|11|38703
SRR33336518.474634	background	
SRR33336518.474681	enriched	IGHV4-2*01|IGHJ4*01|13|77297
SRR33336518.474702	background	
SRR33336518.474884	background	
SRR33336518.474979	enriched	IGHV4-2*01|IGHJ4*01|11|76901
SRR33336518.474989	enriched	IGHV3-20*01|IGHJ4*01|10|24515
SRR33336518.475029	background	
SRR33336518.475059	enriched	IGHV4-2*01|IGHJ4*01|11|76901
SRR33336518.475118	background	
SRR33336518.475125	enriched	IGHV3-20*01|IGHJ4*01|12|24819
SRR33336518.475256	background	
SRR33336518.475358	enriched	IGHV4-2*01|IGHJ4*01|12|77041
SRR33336518.475402	enriched	IGHV3-20*01|IGHJ4*01|15|26600
SRR33336518.475439	enriched	IGHV3-20*01|IGHJ4*01|13|25137
SRR33336518.475452	background	
SRR33336518.475459	enriched	IGHV4-2*01|IGHJ4*01|10|76837
SRR33336518.475500	background	
SRR33336518.475545	background	
SRR33336518.475600	enriched	IGHV3-20*01|IGHJ6*01|10|32418
SRR33336518.475640	background	
SRR33336518.475743	enriched	IGHV3-20*01|IGHJ4*01|10|24515
SRR33336518.475836	background	
SRR33336518.475906	enriched	IGHV4-2*01|IGHJ4*01|12|77041
SRR33336518.475985	enriched	IGHV3-20*01|IGHJ4*01|10|24515
SRR33336518.476037	background	
SRR33336518.476607	enriched	IGHV4-2*01|IGHJ4*01|11|76901
SRR33336518.476613	enriched	IGHV4-2*01|IGHJ4*01|10|76837
SRR33336518.477028	enriched	IGHV3-20*01|IGHJ6*01|11|32467
SRR33336518.477088	background	
SRR33336518.477097	enriched	IGHV3-20*01|IGHJ4*01|14|25668
SRR33336518.477362	enriched	IGHV4-2*01|IGHJ4*01|15|78307
SRR33336518.477478	background	
SRR33336518.477829	enriched	IGHV3-28*01|IGHJ4*01|12|38869
SRR33336518.477833	enriched	IGHV4-2*01|IGHJ6*01|11|81745
SRR33336518.477876	enriched	IGHV3-20*01|IGHJ6*01|12|32617
SRR33336518.477912	enriched	IGHV4-2*01|IGHJ4*01|9|76811
SRR33336518.477992	background	
SRR33336518.478429	enriched	IGHV4-2*01|IGHJ4*01|9|76811
SRR33336518.478646	enriched	IGHV3-20*01|IGHJ4*01|15|26600
SRR33336518.478787	enriched	IGHV3-20*01|IGHJ4*01|12|24819
SRR33336518.478883	enriched	IGHV3-20*01|IGHJ4*01|13|25137
SRR33336518.479120	enriched	IGHV3-20*01|IGHJ4*01|15|26600
SRR33336518.479182	enriched	IGHV4-2*01|IGHJ6*01|11|81745
SRR33336518.479183	enriched	IGHV4-2*01|IGHJ4*01|12|77041
SRR33336518.479332	background	
SRR33336518.479341	enriched	IGHV4-2*01|IGHJ6*01|11|81745
SRR33336518.479467	background	
SRR33336518.479776	background	
SRR33336518.479804	enriched	IGHV4-2*01|IGHJ4*01|11|76901
SRR33336518.479958	background	
SRR33336518.480029	enriched	IGHV3-20*01|IGHJ6*01|11|32467
SRR33336518.480063	enriched	IGHV3-28*01|IGHJ4*01|11|38703
SRR33336518.480421	enriched	IGHV4-2*01|IGHJ4*01|10|76837
SRR33336518.480621	background	
SRR33336518.480644	enriched	IGHV3-20*01|IGHJ6*01|12|32617
SRR33336518.480651	background	
SRR33336518.480669	background	
SRR33336518.480713	background	
SRR33336518.480866	background	
SRR33336518.480867	enriched	IGHV3-20*01|IGHJ4*01|11|24604
SRR33336518.480907	enriched	IGHV4-2*01|IGHJ4*01|14|77687
SRR33336518.480977	background	
SRR33336518.481005	enriched	IGHV3-20*01|IGHJ4*01|14|25668
SRR33336518.481034	enriched	IGHV4-2*01|IGHJ4*01|11|76901
SRR33336518.481156	enriched	IGHV4-2*01|IGHJ4*01|9|76811
SRR33336518.481250	background	
SRR33336518.481286	enriched	IGHV4-2*01|IGHJ4*01|11|76901
SRR33336518.481674	enriched	IGHV3-20*01|IGHJ4*01|13|25137
SRR33336518.481758	background	
SRR33336518.481773	enriched	IGHV3-20*01|IGHJ4*01|15|26600
SRR33336518.481794	background	
SRR33336518.482167	background	
SRR33336518.482765	enriched	IGHV3-20*01|IGHJ4*01|13|25137
SRR33336518.483095	enriched	IGHV3-20*01|IGHJ4*01|13|25137
SRR33336518.483226	enriched	IGHV3-20*01|IGHJ4*01|9|24487
SRR33336518.483245	enriched	IGHV4-2*01|IGHJ4*01|10|76837
SRR33336518.483321	background	
SRR33336518.483655	enriched	IGHV3-20*01|IGHJ6*01|10|32418
SRR33336518.484160	enriched	IGHV4-2*01|IGHJ6*01|11|81745
SRR33336518.484195	enriched	IGHV3-20*01|IGHJ4*01|12|24819
SRR33336518.484428	enriched	IGHV3-20*01|IGHJ4*01|14|25668
SRR33336518.484808	enriched	IGHV4-2*01|IGHJ4*01|13|77297
SRR33336518.484962	background	
SRR33336518.485087	enriched	IGHV4-2*01|IGHJ6*01|11|81745
SRR33336518.485162	enriched	IGHV4-2*01|IGHJ4*01|13|77297
SRR33336518.485384	enriched	IGHV3-20*01|IGHJ4*01|14|25668
SRR33336518.485467	enriched	IGHV4-2*01|IGHJ4*01|12|77041
SRR33336518.485509	background	
SRR33336518.485510	enriched	IGHV4-2*01|IGHJ4*01|9|76811
SRR33336518.486025	background	
SRR33336518.486217	background	
SRR33336518.486304	enriched	IGHV4-2*01|IGHJ4*01|9|76811
SRR33336518.486326	enriched	IGHV3-20*01|IGHJ4*01|14|25668
SRR33336518.486333	enriched	IGHV3-28*01|IGHJ4*01|11|38703
SRR33336518.486611	enriched	IGHV4-2*01|IGHJ4*01|11|76901
SRR33336518.486628	background	
SRR33336518.486966	enriched	IGHV3-20*01|IGHJ6*01|11|32467
SRR33336518.486969	enriched	IGHV4-2*01|IGHJ4*01|12|77041
SRR33336518.487121	background	
SRR33336518.487126	background	
SRR33336518.487302	background	
SRR33336518.487325	background	
SRR33336518.487386	background	
SRR33336518.487512	enriched	IGHV4-2*01|IGHJ4*01|13|77297
SRR33336518.487524	enriched	IGHV3-20*01|IGHJ4*01|14|25668
SRR33336518.487566	background	
SRR33336518.487616	background	
SRR33336518.487629	background	
SRR33336518.487778	background	
SRR33336518.487808	background	
SRR33336518.487854	enriched	IGHV3-20*01|IGHJ4*01|13|25137
SRR33336518.487964	enriched	IGHV4-2*01|IGHJ4*01|10|76837
SRR33336518.488079	enriched	IGHV3-20*01|IGHJ4*01|14|25668
SRR33336518.488090	enriched	IGHV3-20*01|IGHJ4*01|14|25668
SRR33336518.488098	enriched	IGHV3-20*01|IGHJ4*01|12|24819
SRR33336518.488150	enriched	IGHV3-28*01|IGHJ4*01|11|38703
SRR33336518.488151	enriched	IGHV4-2*01|IGHJ4*01|14|77687
SRR33336518.488159	background	
SRR33336518.488718	enriched	IGHV3-20*01|IGHJ6*01|12|32617
SRR33336518.489196	background	
SRR33336518.489285	enriched	IGHV3-20*01|IGHJ6*01|10|32418
SRR33336518.489332	enriched	IGHV3-20*01|IGHJ4*01|14|25668
SRR33336518.489402	enriched	IGHV3-20*01|IGHJ4*01|14|25668
SRR33336518.489619	enriched	IGHV4-2*01|IGHJ4*01|11|76901
SRR33336518.489658	enriched	IGHV4-2*01|IGHJ4*01|12|77041
SRR33336518.489664	enriched	IGHV3-20*01|IGHJ4*01|14|25668
SRR33336518.489710	background	
SRR33336518.489725	background	
SRR33336518.489919	enriched	IGHV4-2*01|IGHJ6*01|11|81745
SRR33336518.490303	background	
SRR33336518.490331	enriched	IGHV4-2*01|IGHJ4*01|9|76811
SRR33336518.490341	enriched	IGHV3-20*01|IGHJ4*01|10|24515
SRR33336518.490400	enriched	IGHV4-2*01|IGHJ4*01|9|76811
SRR33336518.490426	background	
SRR33336518.490505	enriched	IGHV4-2*01|IGHJ4*01|13|77297
SRR33336518.490520	enriched	IGHV4-2*01|IGHJ4*01|14|77687
SRR33336518.490735	enriched	IGHV4-2*01|IGHJ4*01|9|76811
SRR33336518.490812	enriched	IGHV4-2*01|IGHJ4*01|13|77297
SRR33336518.490818	enriched	IGHV3-20*01|IGHJ4*01|13|25137
SRR33336518.490876	enriched	IGHV4-2*01|IGHJ4*01|15|78307
SRR33336518.491054	background	
SRR33336518.491162	background	
SRR33336518.491186	background	
SRR33336518.491228	enriched	IGHV3-20*01|IGHJ4*01|9|24487
SRR33336518.491317	background	
SRR33336518.491607	background	
SRR33336518.491624	background	
SRR33336518.491740	background	
SRR33336518.491776	enriched	IGHV3-20*01|IGHJ4*01|12|24819
SRR33336518.491836	enriched	IGHV3-28*01|IGHJ4*01|12|38869
SRR33336518.491860	background	
SRR33336518.491913	background	
SRR33336518.491948	background	
SRR33336518.492137	enriched	IGHV3-20*01|IGHJ4*01|10|24515
SRR33336518.492300	background	
SRR33336518.492717	enriched	IGHV3-28*01|IGHJ4*01|11|38703
SRR33336518.493521	background	
SRR33336518.493586	background	
SRR33336518.493600	background	
SRR33336518.493667	background	
SRR33336518.493857	background	
SRR33336518.494080	enriched	IGHV3-20*01|IGHJ4*01|11|24604
SRR33336518.494286	background	
SRR33336518.494297	enriched	IGHV4-2*01|IGHJ4*01|13|77297
SRR33336518.494355	enriched	IGHV3-20*01|IGHJ6*01|12|32617
SRR33336518.494366	background	
SRR33336518.494466	background	
SRR33336518.494474	enriched	IGHV4-2*01|IGHJ4*01|15|78307
SRR33336518.494530	background	
SRR33336518.494565	enriched	IGHV3-20*01|IGHJ4*01|15|26600
SRR33336518.494810	enriched	IGHV4-2*01|IGHJ4*01|13|77297
SRR33336518.494969	background	
SRR33336518.495124	enriched	IGHV4-2*01|IGHJ4*01|10|76837
SRR33336518.495239	background	
SRR33336518.495261	enriched	IGHV4-2*01|IGHJ6*01|11|81745
SRR33336518.495564	background	
SRR33336518.495594	enriched	IGHV4-2*01|IGHJ4*01|12|77041
SRR33336518.495701	enriched	IGHV4-2*01|IGHJ4*01|11|76901
SRR33336518.495943	enriched	IGHV3-20*01|IGHJ6*01|11|32467
SRR33336518.495966	enriched	IGHV3-20*01|IGHJ4*01|9|24487
SRR33336518.496322	background	
SRR33336518.496332	background	
SRR33336518.496388	background	
SRR33336518.496442	enriched	IGHV4-2*01|IGHJ4*01|12|77041
SRR33336518.496562	background	
SRR33336518.496899	background	
SRR33336518.497095	background	
SRR33336518.497133	background	
SRR33336518.497227	enriched	IGHV3-20*01|IGHJ4*01|9|24487
SRR33336518.497255	enriched	IGHV4-2*01|IGHJ4*01|14|77687
SRR33336518.497321	enriched	IGHV3-20*01|IGHJ4*01|10|24515
SRR33336518.497428	background	
SRR33336518.497452	enriched	IGHV4-2*01|IGHJ4*01|10|76837
SRR33336518.497638	background	
SRR33336518.498094	background	
SRR33336518.498106	background	
SRR33336518.498127	enriched	IGHV3-20*01|IGHJ4*01|9|24487
SRR33336518.498223	enriched	IGHV4-2*01|IGHJ4*01|14|77687
SRR33336518.498285	enriched	IGHV4-2*01|IGHJ6*01|11|81745
SRR33336518.498299	enriched	IGHV4-2*01|IGHJ4*01|12|77041
SRR33336518.498452	background	
SRR33336518.498633	enriched	IGHV3-20*01|IGHJ6*01|10|32418
SRR33336518.498672	enriched	IGHV4-2*01|IGHJ4*01|11|76901
SRR33336518.498862	enriched	IGHV3-20*01|IGHJ4*01|11|24604
SRR33336518.498881	background	
SRR33336518.498995	enriched	IGHV4-2*01|IGHJ4*01|13|77297
SRR33336518.499060	background	
SRR33336518.499313	enriched	IGHV4-2*01|IGHJ4*01|12|77041
SRR33336518.499342	enriched	IGHV4-2*01|IGHJ6*01|11|81745
SRR33336518.499507	enriched	IGHV4-2*01|IGHJ4*01|11|76901
SRR33336518.499682	background	
SRR33336518.499708	enriched	IGHV4-2*01|IGHJ4*01|15|78307
SRR33336518.499782	enriched	IGHV3-20*01|IGHJ4*01|15|26600
SRR33336518.499982	background	
SRR33336518.500003	background	
SRR33336518.500085	enriched	IGHV4-2*01|IGHJ4*01|11|76901
SRR33336518.500173	enriched	IGHV3-20*01|IGHJ4*01|13|25137
SRR33336518.500209	enriched	IGHV3-20*01|IGHJ6*01|10|32418
SRR33336518.500530	enriched	IGHV4-2*01|IGHJ4*01|11|76901
SRR33336518.500581	enriched	IGHV3-20*01|IGHJ4*01|9|24487
SRR33336518.500608	enriched	IGHV4-2*01|IGHJ6*01|11|81745
SRR33336518.500630	enriched	IGHV3-28*01|IGHJ4*01|12|38869
SRR33336518.500638	background	
SRR33336518.500648	enriched	IGHV3-20*01|IGHJ4*01|10|24515
SRR33336518.500808	background	
SRR33336518.500812	enriched	IGHV3-20*01|IGHJ4*01|10|24515
SRR33336518.500860	background	
SRR33336518.500956	background	
SRR33336518.501109	enriched	IGHV4-2*01|IGHJ4*01|13|77297
SRR33336518.501239	enriched	IGHV3-28*01|IGHJ4*01|11|38703
SRR33336518.501469	enriched	IGHV3-20*01|IGHJ4*01|15|26600
SRR33336518.501509	enriched	IGHV4-2*01|IGHJ6*01|11|81745
SRR33336518.501628	background	
SRR33336518.501743	background	
SRR33336518.501830	enriched	IGHV3-20*01|IGHJ4*01|15|26600
SRR33336518.502001	background	
SRR33336518.502163	background	
SRR33336518.502232	enriched	IGHV3-20*01|IGHJ4*01|9|24487
SRR33336518.502509	enriched	IGHV3-20*01|IGHJ6*01|10|32418
SRR33336518.502611	enriched	IGHV3-20*01|IGHJ4*01|15|26600
SRR33336518.502629	enriched	IGHV4-2*01|IGHJ4*01|14|77687
SRR33336518.502869	background	
SRR33336518.502885	enriched	IGHV3-28*01|IGHJ4*01|11|38703
SRR33336518.502920	enriched	IGHV3-20*01|IGHJ4*01|10|24515
SRR33336518.502979	background	
SRR33336518.503272	background	
SRR33336518.503388	enriched	IGHV3-20*01|IGHJ4*01|10|24515
SRR33336518.503484	enriched	IGHV4-2*01|IGHJ4*01|15|78307
SRR33336518.503686	enriched	IGHV4-2*01|IGHJ4*01|13|77297
SRR33336518.503792	background	
SRR33336518.503807	background	
SRR33336518.503828	enriched	IGHV4-2*01|IGHJ4*01|14|77687
SRR33336518.503901	enriched	IGHV3-20*01|IGHJ4*01|11|24604
SRR33336518.504003	enriched	IGHV3-20*01|IGHJ6*01|12|32617
SRR33336518.504009	background	
SRR33336518.504162	enriched	IGHV4-2*01|IGHJ4*01|14|77687
SRR33336518.504260	background	
SRR33336518.504385	background	
SRR33336518.504413	enriched	IGHV4-2*01|IGHJ4*01|12|77041
SRR33336518.504470	enriched	IGHV4-2*01|IGHJ4*01|10|76837
SRR33336518.504482	enriched	IGHV4-2*01|IGHJ6*01|11|81745
SRR33336518.504533	enriched	IGHV3-20*01|IGHJ4*01|12|24819
SRR33336518.504594	enriched	IGHV3-20*01|IGHJ4*01|10|24515
SRR33336518.505094	enriched	IGHV3-28*01|IGHJ4*01|11|38703
SRR33336518.505175	background	
SRR33336518.505252	background	
SRR33336518.505268	background	
SRR33336518.505491	enriched	IGHV3-20*01|IGHJ4*01|13|25137
SRR33336518.505719	background	
SRR33336518.505815	enriched	IGHV3-20*01|IGHJ6*01|10|32418
SRR33336518.506784	background	
SRR33336518.507120	background	
SRR33336518.507124	background	
SRR33336518.507144	background	
SRR33336518.507176	background	
SRR33336518.507573	enriched	IGHV4-2*01|IGHJ4*01|10|76837
SRR33336518.507682	enriched	IGHV3-28*01|IGHJ4*01|11|38703
SRR33336518.507982	enriched	IGHV3-20*01|IGHJ6*01|12|32617
SRR33336518.508093	enriched	IGHV4-2*01|IGHJ4*01|10|76837
SRR33336518.508393	enriched	IGHV3-28*01|IGHJ4*01|11|38703
SRR33336518.508414	background	
SRR33336518.508621	enriched	IGHV3-20*01|IGHJ4*01|15|26600
SRR33336518.508791	enriched	IGHV4-2*01|IGHJ6*01|11|81745
SRR33336518.508839	enriched	IGHV3-20*01|IGHJ4*01|14|25668
SRR33336518.509069	enriched	IGHV3-20*01|IGHJ4*01|14|25668
SRR33336518.509173	background	
SRR33336518.509280	background	
SRR33336518.509426	enriched	IGHV3-28*01|IGHJ4*01|11|38703
SRR33336518.509454	enriched	IGHV3-28*01|IGHJ4*01|12|38869
SRR33336518.509590	enriched	IGHV3-28*01|IGHJ4*01|12|38869
SRR33336518.509768	enriched	IGHV3-28*01|IGHJ4*01|11|38703
SRR33336518.509855	background	
SRR33336518.509963	background	
SRR33336518.510008	enriched	IGHV3-20*01|IGHJ6*01|10|32418
SRR33336518.510361	background	
SRR33336518.510570	enriched	IGHV3-20*01|IGHJ6*01|10|32418
SRR33336518.510574	background	
SRR33336518.510693	enriched	IGHV3-20*01|IGHJ6*01|12|32617
SRR33336518.510701	background	
SRR33336518.510748	enriched	IGHV3-20*01|IGHJ6*01|12|32617
SRR33336518.510797	background	
SRR33336518.510801	enriched	IGHV3-28*01|IGHJ4*01|11|38703
SRR33336518.510817	enriched	IGHV4-2*01|IGHJ4*01|11|76901
SRR33336518.510905	background	
SRR33336518.510912	enriched	IGHV4-2*01|IGHJ4*01|9|76811
SRR33336518.510955	enriched	IGHV3-20*01|IGHJ4*01|9|24487
SRR33336518.510967	background	
SRR33336518.511015	background	
SRR33336518.511152	background	
SRR33336518.511183	enriched	IGHV3-20*01|IGHJ4*01|13|25137
SRR33336518.511755	background	
SRR33336518.511893	enriched	IGHV3-20*01|IGHJ4*01|13|25137
SRR33336518.511999	enriched	IGHV3-20*01|IGHJ4*01|9|24487
SRR33336518.512112	enriched	IGHV4-2*01|IGHJ4*01|11|76901
SRR33336518.512125	enriched	IGHV3-20*01|IGHJ6*01|11|32467
SRR33336518.512325	enriched	IGHV4-2*01|IGHJ4*01|12|77041
SRR33336518.512391	enriched	IGHV3-20*01|IGHJ6*01|12|32617
SRR33336518.512495	enriched	IGHV3-28*01|IGHJ4*01|11|38703
SRR33336518.512535	enriched	IGHV4-2*01|IGHJ4*01|10|76837
SRR33336518.512550	enriched	IGHV3-20*01|IGHJ4*01|11|24604
SRR33336518.512630	enriched	IGHV3-20*01|IGHJ4*01|14|25668
SRR33336518.512749	background	
SRR33336518.512789	enriched	IGHV4-2*01|IGHJ6*01|11|81745
SRR33336518.512802	background	
SRR33336518.512859	enriched	IGHV4-2*01|IGHJ4*01|9|76811
SRR33336518.512865	background	
SRR33336518.512869	enriched	IGHV4-2*01|IGHJ4*01|12|77041
SRR33336518.513007	enriched	IGHV3-20*01|IGHJ4*01|11|24604
SRR33336518.513154	enriched	IGHV4-2*01|IGHJ4*01|12|77041
SRR33336518.513155	enriched	IGHV3-20*01|IGHJ4*01|13|25137
SRR33336518.513232	background	
SRR33336518.513438	enriched	IGHV4-2*01|IGHJ4*01|12|77041
SRR33336518.513465	background	
SRR33336518.513477	background	
SRR33336518.513602	enriched	IGHV3-20*01|IGHJ4*01|13|25137
SRR33336518.513672	background	
SRR33336518.513678	enriched	IGHV3-20*01|IGHJ4*01|15|26600
SRR33336518.513680	enriched	IGHV3-20*01|IGHJ6*01|10|32418
SRR33336518.513735	enriched	IGHV4-2*01|IGHJ4*01|10|76837
SRR33336518.513881	background	
SRR33336518.514091	enriched	IGHV3-20*01|IGHJ6*01|12|32617
SRR33336518.514139	background	
SRR33336518.514401	enriched	IGHV3-20*01|IGHJ4*01|10|24515
SRR33336518.514484	background	
SRR33336518.514550	enriched	IGHV3-20*01|IGHJ6*01|12|32617
SRR33336518.514624	background	
SRR33336518.514675	background	
SRR33336518.514754	enriched	IGHV4-2*01|IGHJ4*01|13|77297
SRR33336518.514895	enriched	IGHV4-2*01|IGHJ4*01|11|76901
SRR33336518.514929	background	
SRR33336518.515184	enriched	IGHV3-20*01|IGHJ4*01|11|24604
SRR33336518.515226	enriched	IGHV3-20*01|IGHJ4*01|10|24515
SRR33336518.515467	enriched	IGHV4-2*01|IGHJ4*01|13|77297
SRR33336518.515666	enriched	IGHV3-28*01|IGHJ4*01|12|38869
SRR33336518.515879	enriched	IGHV3-28*01|IGHJ4*01|12|38869
SRR33336518.515961	enriched	IGHV4-2*01|IGHJ4*01|10|76837
SRR33336518.516136	enriched	IGHV3-28*01|IGHJ4*01|12|38869
SRR33336518.516463	background	
SRR33336518.516649	enriched	IGHV4-2*01|IGHJ6*01|11|81745
SRR33336518.516704	background	
SRR33336518.516721	background	
SRR33336518.516770	background	
SRR33336518.516790	enriched	IGHV3-20*01|IGHJ6*01|12|32617
SRR33336518.516949	background	
SRR33336518.516955	background	
SRR33336518.517117	enriched	IGHV4-2*01|IGHJ4*01|9|76811
SRR33336518.517192	enriched	IGHV3-20*01|IGHJ6*01|12|32617
SRR33336518.517308	enriched	IGHV4-2*01|IGHJ4*01|10|76837
SRR33336518.517332	background	
SRR33336518.517405	enriched	IGHV4-2*01|IGHJ4*01|9|76811
SRR33336518.517515	enriched	IGHV3-20*01|IGHJ4*01|11|24604
SRR33336518.517564	enriched	IGHV3-20*01|IGHJ4*01|9|24487
SRR33336518.517855	enriched	IGHV3-20*01|IGHJ6*01|12|32617
SRR33336518.517901	enriched	IGHV3-20*01|IGHJ6*01|10|32418
SRR33336518.518149	enriched	IGHV4-2*01|IGHJ4*01|14|77687
SRR33336518.518197	enriched	IGHV3-20*01|IGHJ4*01|14|25668
SRR33336518.518319	background	
SRR33336518.518337	enriched	IGHV3-20*01|IGHJ4*01|13|25137
SRR33336518.518541	background	
SRR33336518.518581	enriched	IGHV4-2*01|IGHJ4*01|13|77297
SRR33336518.518670	enriched	IGHV3-20*01|IGHJ4*01|12|24819
SRR33336518.518690	enriched	IGHV4-2*01|IGHJ4*01|9|76811
SRR33336518.519019	enriched	IGHV3-20*01|IGHJ6*01|11|32467
SRR33336518.519030	enriched	IGHV3-20*01|IGHJ4*01|13|25137
SRR33336518.519207	enriched	IGHV4-2*01|IGHJ4*01|14|77687
SRR33336518.519299	enriched	IGHV3-28*01|IGHJ4*01|11|38703
SRR33336518.519351	background	
SRR33336518.519394	enriched	IGHV4-2*01|IGHJ4*01|10|76837
SRR33336518.519598	enriched	IGHV3-20*01|IGHJ6*01|10|32418
SRR33336518.519695	enriched	IGHV4-2*01|IGHJ4*01|10|76837
SRR33336518.519699	background	
SRR33336518.519721	enriched	IGHV4-2*01|IGHJ4*01|15|78307
SRR33336518.519751	enriched	IGHV3-28*01|IGHJ4*01|11|38703
SRR33336518.519797	background	
SRR33336518.519810	background	
SRR33336518.520130	enriched	IGHV4-2*01|IGHJ4*01|15|78307
SRR33336518.520164	background	
SRR33336518.520334	background	
SRR33336518.520362	enriched	IGHV3-28*01|IGHJ4*01|11|38703
SRR33336518.520438	background	
SRR33336518.520497	enriched	IGHV3-28*01|IGHJ4*01|11|38703
SRR33336518.520954	enriched	IGHV4-2*01|IGHJ4*01|10|76837
SRR33336518.520974	enriched	IGHV3-20*01|IGHJ4*01|12|24819
SRR33336518.521250	enriched	IGHV3-20*01|IGHJ4*01|14|25668
SRR33336518.521252	background	
SRR33336518.521450	background	
SRR33336518.521515	enriched	IGHV3-28*01|IGHJ4*01|11|38703
SRR33336518.521535	background	
SRR33336518.521722	enriched	IGHV3-20*01|IGHJ6*01|11|32467
SRR33336518.521771	enriched	IGHV4-2*01|IGHJ4*01|11|76901
SRR33336518.522249	enriched	IGHV3-20*01|IGHJ4*01|11|24604
SRR33336518.522511	enriched	IGHV4-2*01|IGHJ4*01|10|76837
SRR33336518.522544	enriched	IGHV3-28*01|IGHJ4*01|11|38703
SRR33336518.523312	enriched	IGHV3-28*01|IGHJ4*01|11|38703
SRR33336518.523319	background	
SRR33336518.523327	enriched	IGHV3-20*01|IGHJ4*01|14|25668
SRR33336518.523380	enriched	IGHV3-20*01|IGHJ4*01|9|24487
SRR33336518.523468	background	
SRR33336518.523493	enriched	IGHV3-20*01|IGHJ6*01|10|32418
SRR33336518.523591	background	
SRR33336518.523641	enriched	IGHV3-20*01|IGHJ6*01|11|32467
SRR33336518.523719	enriched	IGHV4-2*01|IGHJ4*01|15|78307
SRR33336518.523720	background	
SRR33336518.523796	background	
SRR33336518.523807	background	
SRR33336518.523877	enriched	IGHV3-28*01|IGHJ4*01|11|38703
SRR33336518.523882	enriched	IGHV3-20*01|IGHJ4*01|15|26600
SRR33336518.524218	enriched	IGHV3-28*01|IGHJ4*01|11|38703
SRR33336518.524319	enriched	IGHV4-2*01|IGHJ4*01|14|77687
SRR33336518.524486	enriched	IGHV3-20*01|IGHJ4*01|12|24819
SRR33336518.524613	background	
SRR33336518.524763	enriched	IGHV4-2*01|IGHJ4*01|9|76811
SRR33336518.524854	background	
SRR33336518.524866	background	
SRR33336518.524924	background	
SRR33336518.525173	background	
SRR33336518.525259	enriched	IGHV4-2*01|IGHJ4*01|9|76811
SRR33336518.525346	enriched	IGHV3-20*01|IGHJ4*01|13|25137
SRR33336518.525535	background	
SRR33336518.525594	enriched	IGHV4-2*01|IGHJ4*01|12|77041
SRR33336518.525977	enriched	IGHV4-2*01|IGHJ4*01|10|76837
SRR33336518.526171	background	
SRR33336518.526200	background	
SRR33336518.526248	enriched	IGHV4-2*01|IGHJ4*01|13|77297
SRR33336518.526403	enriched	IGHV3-20*01|IGHJ4*01|9|24487
SRR33336518.526488	background	
SRR33336518.526517	background	
SRR33336518.526684	background	
SRR33336518.526715	enriched	IGHV4-2*01|IGHJ4*01|13|77297
SRR33336518.526760	enriched	IGHV3-20*01|IGHJ6*01|12|32617
SRR33336518.527111	background	
SRR33336518.527163	enriched	IGHV4-2*01|IGHJ4*01|11|76901
SRR33336518.527249	enriched	IGHV4-2*01|IGHJ4*01|14|77687
SRR33336518.527263	background	
SRR33336518.527457	enriched	IGHV3-20*01|IGHJ4*01|9|24487
SRR33336518.527482	background	
SRR33336518.527634	background	
SRR33336518.528022	enriched	IGHV3-20*01|IGHJ4*01|10|24515
SRR33336518.528093	enriched	IGHV3-20*01|IGHJ4*01|14|25668
SRR33336518.528163	enriched	IGHV3-20*01|IGHJ4*01|10|24515
SRR33336518.528176	enriched	IGHV3-20*01|IGHJ4*01|13|25137
SRR33336518.528240	background	
SRR33336518.528282	enriched	IGHV3-20*01|IGHJ4*01|13|25137
SRR33336518.528417	enriched	IGHV4-2*01|IGHJ4*01|11|76901
SRR33336518.528491	enriched	IGHV3-28*01|IGHJ4*01|11|38703
SRR33336518.528662	enriched	IGHV4-2*01|IGHJ4*01|9|76811
SRR33336518.528672	background	
SRR33336518.528972	background	
SRR33336518.529002	enriched	IGHV4-2*01|IGHJ4*01|9|76811
SRR33336518.529060	enriched	IGHV4-2*01|IGHJ6*01|11|81745
SRR33336518.529218	enriched	IGHV3-20*01|IGHJ4*01|14|25668
SRR33336518.529354	enriched	IGHV3-20*01|IGHJ6*01|12|32617
SRR33336518.529670	background	
SRR33336518.529705	enriched	IGHV3-28*01|IGHJ4*01|11|38703
SRR33336518.529809	enriched	IGHV4-2*01|IGHJ4*01|15|78307
SRR33336518.529850	background	
SRR33336518.529876	enriched	IGHV3-28*01|IGHJ4*01|11|38703
SRR33336518.529931	enriched	IGHV3-20*01|IGHJ6*01|10|32418
SRR33336518.530004	enriched	IGHV4-2*01|IGHJ4*01|11|76901
SRR33336518.530181	enriched	IGHV3-20*01|IGHJ4*01|9|24487
SRR33336518.530287	enriched	IGHV3-20*01|IGHJ4*01|9|24487
SRR33336518.530379	enriched	IGHV3-28*01|IGHJ4*01|12|38869
SRR33336518.530425	background	
SRR33336518.530455	background	
SRR33336518.530528	background	
SRR33336518.530557	enriched	IGHV3-20*01|IGHJ6*01|12|32617
SRR33336518.530646	enriched	IGHV4-2*01|IGHJ4*01|14|77687
SRR33336518.530776	enriched	IGHV4-2*01|IGHJ4*01|10|76837
SRR33336518.531058	background	
SRR33336518.531120	enriched	IGHV4-2*01|IGHJ4*01|12|77041
SRR33336518.531176	background	
SRR33336518.531201	background	
SRR33336518.531214	enriched	IGHV3-28*01|IGHJ4*01|11|38703
SRR33336518.531254	background	
SRR33336518.531288	background	
SRR33336518.531313	enriched	IGHV4-2*01|IGHJ4*01|14|77687
SRR33336518.531327	enriched	IGHV3-20*01|IGHJ4*01|11|24604
SRR33336518.531513	enriched	IGHV4-2*01|IGHJ4*01|10|76837
SRR33336518.531543	enriched	IGHV3-20*01|IGHJ4*01|15|26600
SRR33336518.531698	background	
SRR33336518.532124	enriched	IGHV4-2*01|IGHJ4*01|14|77687
SRR33336518.532213	enriched	IGHV3-20*01|IGHJ4*01|15|26600
SRR33336518.532288	enriched	IGHV4-2*01|IGHJ6*01|11|81745
SRR33336518.532296	enriched	IGHV3-20*01|IGHJ4*01|15|26600
SRR33336518.532311	background	
SRR33336518.532413	background	
SRR33336518.532589	enriched	IGHV3-20*01|IGHJ4*01|13|25137
SRR33336518.532638	background	
SRR33336518.532837	enriched	IGHV3-20*01|IGHJ4*01|9|24487
SRR33336518.532845	enriched	IGHV3-20*01|IGHJ4*01|14|25668
SRR33336518.532925	enriched	IGHV4-2*01|IGHJ4*01|9|76811
SRR33336518.532963	background	
SRR33336518.533191	enriched	IGHV3-20*01|IGHJ4*01|14|25668
SRR33336518.533266	enriched	IGHV3-20*01|IGHJ4*01|11|24604
SRR33336518.533336	enriched	IGHV4-2*01|IGHJ4*01|15|78307
SRR33336518.533368	enriched	IGHV4-2*01|IGHJ4*01|10|76837
SRR33336518.533437	background	
SRR33336518.533726	background	
SRR33336518.533761	enriched	IGHV3-28*01|IGHJ4*01|12|38869
SRR33336518.533763	enriched	IGHV3-20*01|IGHJ4*01|13|25137
SRR33336518.534011	enriched	IGHV3-20*01|IGHJ4*01|10|24515
SRR33336518.534068	enriched	IGHV3-20*01|IGHJ6*01|12|32617
SRR33336518.534248	enriched	IGHV3-20*01|IGHJ6*01|10|32418
SRR33336518.534289	background	
SRR33336518.534563	enriched	IGHV3-20*01|IGHJ6*01|11|32467
SRR33336518.534595	enriched	IGHV3-20*01|IGHJ4*01|9|24487
SRR33336518.534656	enriched	IGHV4-2*01|IGHJ4*01|13|77297
SRR33336518.534665	enriched	IGHV4-2*01|IGHJ6*01|11|81745
SRR33336518.534740	enriched	IGHV3-20*01|IGHJ4*01|11|24604
SRR33336518.534841	background	
SRR33336518.534879	enriched	IGHV4-2*01|IGHJ6*01|11|81745
SRR33336518.534937	background	
SRR33336518.535133	background	
SRR33336518.535150	enriched	IGHV4-2*01|IGHJ4*01|15|78307
SRR33336518.535256	enriched	IGHV4-2*01|IGHJ4*01|11|76901
SRR33336518.535564	background	
SRR33336518.535567	background	
SRR33336518.535615	background	
SRR33336518.535633	enriched	IGHV3-20*01|IGHJ4*01|15|26600
SRR33336518.535644	background	
SRR33336518.535810	enriched	IGHV4-2*01|IGHJ4*01|13|77297
SRR33336518.535952	background	
SRR33336518.536368	background	
SRR33336518.536529	background	
SRR33336518.536832	enriched	IGHV4-2*01|IGHJ4*01|10|76837
SRR33336518.536848	enriched	IGHV3-28*01|IGHJ4*01|11|38703
SRR33336518.536990	enriched	IGHV3-20*01|IGHJ4*01|14|25668
SRR33336518.537122	enriched	IGHV4-2*01|IGHJ6*01|11|81745
SRR33336518.537130	enriched	IGHV4-2*01|IGHJ4*01|14|77687
SRR33336518.537281	enriched	IGHV4-2*01|IGHJ4*01|15|78307
SRR33336518.537288	background	
SRR33336518.537396	enriched	IGHV4-2*01|IGHJ4*01|11|76901
SRR33336518.537547	enriched	IGHV3-20*01|IGHJ6*01|11|32467
SRR33336518.537613	background	
SRR33336518.537631	background	
SRR33336518.537636	enriched	IGHV4-2*01|IGHJ4*01|15|78307
SRR33336518.537657	enriched	IGHV4-2*01|IGHJ4*01|9|76811
SRR33336518.537786	enriched	IGHV4-2*01|IGHJ4*01|12|77041
SRR33336518.537823	enriched	IGHV3-20*01|IGHJ4*01|14|25668
SRR33336518.537974	enriched	IGHV3-20*01|IGHJ4*01|14|25668
SRR33336518.537998	background	
SRR33336518.538057	enriched	IGHV4-2*01|IGHJ4*01|12|77041
SRR33336518.538480	background	
SRR33336518.538497	enriched	IGHV3-20*01|IGHJ4*01|10|24515
SRR33336518.538722	background	
SRR33336518.538930	enriched	IGHV3-20*01|IGHJ4*01|14|25668
SRR33336518.539126	enriched	IGHV4-2*01|IGHJ6*01|11|81745
SRR33336518.539515	background	
SRR33336518.539572	enriched	IGHV3-20*01|IGHJ6*01|12|32617
SRR33336518.539597	enriched	IGHV3-20*01|IGHJ6*01|10|32418
SRR33336518.539831	background	
SRR33336518.540686	background	
SRR33336518.540776	enriched	IGHV3-20*01|IGHJ6*01|10|32418
SRR33336518.540800	enriched	IGHV3-20*01|IGHJ4*01|15|26600
SRR33336518.540852	enriched	IGHV4-2*01|IGHJ4*01|12|77041
SRR33336518.540908	enriched	IGHV3-20*01|IGHJ4*01|13|25137
SRR33336518.540989	enriched	IGHV3-20*01|IGHJ4*01|14|25668
SRR33336518.541024	background	
SRR33336518.541109	background	
SRR33336518.541209	enriched	IGHV4-2*01|IGHJ4*01|9|76811
SRR33336518.541213	background	
SRR33336518.541267	enriched	IGHV4-2*01|IGHJ4*01|9|76811
SRR33336518.541384	background	
SRR33336518.541721	enriched	IGHV4-2*01|IGHJ4*01|9|76811
SRR33336518.541790	enriched	IGHV3-20*01|IGHJ4*01|12|24819
SRR33336518.541834	enriched	IGHV3-20*01|IGHJ6*01|11|32467
SRR33336518.541956	background	
SRR33336518.542051	background	
SRR33336518.542155	background	
SRR33336518.542487	enriched	IGHV3-20*01|IGHJ6*01|12|32617
SRR33336518.542500	background	
SRR33336518.542564	background	
SRR33336518.542772	enriched	IGHV3-20*01|IGHJ4*01|13|25137
SRR33336518.542844	background	
SRR33336518.542854	enriched	IGHV4-2*01|IGHJ4*01|14|77687
SRR33336518.542897	background	
SRR33336518.543043	enriched	IGHV3-20*01|IGHJ4*01|13|25137
SRR33336518.543080	enriched	IGHV4-2*01|IGHJ4*01|14|77687
SRR33336518.543154	enriched	IGHV3-20*01|IGHJ4*01|13|25137
SRR33336518.543187	enriched	IGHV3-20*01|IGHJ4*01|9|24487
SRR33336518.543469	enriched	IGHV3-20*01|IGHJ4*01|12|24819
SRR33336518.543474	background	
SRR33336518.543587	enriched	IGHV4-2*01|IGHJ4*01|10|76837
SRR33336518.543710	enriched	IGHV3-20*01|IGHJ6*01|11|32467
SRR33336518.543846	enriched	IGHV3-20*01|IGHJ4*01|9|24487
SRR33336518.543870	background	
SRR33336518.544006	enriched	IGHV3-20*01|IGHJ4*01|9|24487
SRR33336518.544403	enriched	IGHV3-20*01|IGHJ6*01|12|32617
SRR33336518.544569	background	
SRR33336518.544590	enriched	IGHV4-2*01|IGHJ6*01|11|81745
SRR33336518.544717	background	
SRR33336518.544733	enriched	IGHV3-20*01|IGHJ6*01|12|32617
SRR33336518.544758	background	
SRR33336518.545364	background	
SRR33336518.545382	background	
SRR33336518.545621	enriched	IGHV3-20*01|IGHJ4*01|12|24819
SRR33336518.545631	enriched	IGHV3-20*01|IGHJ4*01|9|24487
SRR33336518.545726	enriched	IGHV3-20*01|IGHJ4*01|9|24487
SRR33336518.545970	enriched	IGHV4-2*01|IGHJ4*01|13|77297
SRR33336518.545983	background	
SRR33336518.546020	enriched	IGHV3-20*01|IGHJ6*01|11|32467
SRR33336518.546025	enriched	IGHV3-20*01|IGHJ4*01|15|26600
SRR33336518.546091	enriched	IGHV3-20*01|IGHJ4*01|15|26600
SRR33336518.546123	enriched	IGHV4-2*01|IGHJ6*01|11|81745
SRR33336518.546142	enriched	IGHV3-28*01|IGHJ4*01|12|38869
SRR33336518.546347	enriched	IGHV4-2*01|IGHJ4*01|12|77041
SRR33336518.546526	background	
SRR33336518.546528	enriched	IGHV3-20*01|IGHJ4*01|13|25137
SRR33336518.546774	enriched	IGHV4-2*01|IGHJ4*01|15|78307
SRR33336518.546788	enriched	IGHV3-20*01|IGHJ4*01|10|24515
SRR33336518.546932	enriched	IGHV3-20*01|IGHJ4*01|12|24819
SRR33336518.546941	enriched	IGHV3-20*01|IGHJ6*01|12|32617
SRR33336518.547020	background	
SRR33336518.547039	background	
SRR33336518.547182	background	
SRR33336518.547429	background	
SRR33336518.547602	background	
SRR33336518.547672	background	
SRR33336518.547699	enriched	IGHV3-20*01|IGHJ4*01|12|24819
SRR33336518.547866	enriched	IGHV3-20*01|IGHJ4*01|9|24487
SRR33336518.547932	enriched	IGHV4-2*01|IGHJ4*01|12|77041
SRR33336518.548190	background	
SRR33336518.548219	enriched	IGHV4-2*01|IGHJ4*01|10|76837
SRR33336518.548280	enriched	IGHV4-2*01|IGHJ4*01|11|76901
SRR33336518.548457	enriched	IGHV3-20*01|IGHJ4*01|15|26600
SRR33336518.548502	enriched	IGHV4-2*01|IGHJ4*01|12|77041
SRR33336518.548530	background	
SRR33336518.548564	enriched	IGHV3-20*01|IGHJ6*01|12|32617
SRR33336518.548591	enriched	IGHV3-20*01|IGHJ4*01|10|24515
SRR33336518.548598	enriched	IGHV4-2*01|IGHJ4*01|13|77297
SRR33336518.548632	enriched	IGHV4-2*01|IGHJ4*01|13|77297
SRR33336518.548871	enriched	IGHV4-2*01|IGHJ4*01|13|77297
SRR33336518.549148	background	
SRR33336518.549287	enriched	IGHV4-2*01|IGHJ4*01|15|78307
SRR33336518.549404	background	
SRR33336518.549408	background	
SRR33336518.549484	background	
SRR33336518.549658	enriched	IGHV3-20*01|IGHJ6*01|12|32617
SRR33336518.549662	enriched	IGHV3-20*01|IGHJ4*01|14|25668
SRR33336518.549694	background	
SRR33336518.549736	enriched	IGHV3-20*01|IGHJ4*01|13|25137
SRR33336518.549902	enriched	IGHV3-20*01|IGHJ4*01|11|24604
SRR33336518.549949	background	
SRR33336518.550032	background	
SRR33336518.550068	enriched	IGHV4-2*01|IGHJ4*01|11|76901
SRR33336518.550201	enriched	IGHV3-20*01|IGHJ4*01|14|25668
SRR33336518.550211	background	
SRR33336518.550263	background	
SRR33336518.550277	background	
SRR33336518.550303	enriched	IGHV3-20*01|IGHJ4*01|15|26600
SRR33336518.550349	enriched	IGHV4-2*01|IGHJ4*01|14|77687
SRR33336518.550381	enriched	IGHV4-2*01|IGHJ4*01|13|77297
SRR33336518.550470	enriched	IGHV3-20*01|IGHJ6*01|11|32467
SRR33336518.550623	background	
SRR33336518.550674	enriched	IGHV4-2*01|IGHJ4*01|11|76901
SRR33336518.550679	background	
SRR33336518.550681	background	
SRR33336518.550878	enriched	IGHV3-20*01|IGHJ4*01|11|24604
SRR33336518.551030	background	
SRR33336518.551165	background	
SRR33336518.551271	enriched	IGHV4-2*01|IGHJ4*01|13|77297
SRR33336518.551653	background	
SRR33336518.551687	enriched	IGHV4-2*01|IGHJ4*01|14|77687
SRR33336518.551810	enriched	IGHV3-20*01|IGHJ4*01|11|24604
SRR33336518.551842	enriched	IGHV3-20*01|IGHJ4*01|14|25668
SRR33336518.552010	enriched	IGHV3-20*01|IGHJ4*01|14|25668
SRR33336518.552259	background	
SRR33336518.552373	background	
SRR33336518.552434	background	
SRR33336518.552445	background	
SRR33336518.552496	background	
SRR33336518.552524	background	
SRR33336518.553185	background	
SRR33336518.553483	background	
SRR33336518.553486	enriched	IGHV4-2*01|IGHJ6*01|11|81745
SRR33336518.553562	enriched	IGHV3-28*01|IGHJ4*01|12|38869
SRR33336518.553595	enriched	IGHV3-20*01|IGHJ6*01|10|32418
SRR33336518.553726	enriched	IGHV3-28*01|IGHJ4*01|12|38869
SRR33336518.553898	enriched	IGHV3-20*01|IGHJ6*01|12|32617
SRR33336518.553900	background	
SRR33336518.554084	enriched	IGHV4-2*01|IGHJ6*01|11|81745
SRR33336518.554279	background	
SRR33336518.554437	background	
SRR33336518.554441	enriched	IGHV3-20*01|IGHJ6*01|11|32467
SRR33336518.554552	enriched	IGHV4-2*01|IGHJ4*01|10|76837
SRR33336518.554680	background	
SRR33336518.554691	background	
SRR33336518.554828	background	
SRR33336518.555133	background	
SRR33336518.555322	background	
SRR33336518.555600	enriched	IGHV4-2*01|IGHJ4*01|10|76837
SRR33336518.555698	background	
SRR33336518.555810	background	
SRR33336518.556129	enriched	IGHV3-20*01|IGHJ4*01|15|26600
SRR33336518.556175	enriched	IGHV3-20*01|IGHJ6*01|11|32467
SRR33336518.556176	enriched	IGHV4-2*01|IGHJ4*01|9|76811
SRR33336518.556233	enriched	IGHV3-20*01|IGHJ4*01|13|25137
SRR33336518.556290	background	
SRR33336518.556312	background	
SRR33336518.557012	background	
SRR33336518.557239	enriched	IGHV4-2*01|IGHJ4*01|11|76901
SRR33336518.557265	enriched	IGHV3-28*01|IGHJ4*01|11|38703
SRR33336518.557286	enriched	IGHV3-20*01|IGHJ4*01|12|24819
SRR33336518.557291	background	
SRR33336518.557556	background	
SRR33336518.557562	background	
SRR33336518.557649	enriched	IGHV4-2*01|IGHJ4*01|11|76901
SRR33336518.557689	enriched	IGHV3-28*01|IGHJ4*01|12|38869
SRR33336518.557854	enriched	IGHV3-20*01|IGHJ4*01|14|25668
SRR33336518.557878	background	
SRR33336518.557921	enriched	IGHV3-20*01|IGHJ4*01|12|24819
SRR33336518.558170	enriched	IGHV3-20*01|IGHJ6*01|10|32418
SRR33336518.558226	enriched	IGHV4-2*01|IGHJ4*01|11|76901
SRR33336518.558336	background	
SRR33336518.558353	enriched	IGHV3-28*01|IGHJ4*01|12|38869
SRR33336518.558409	enriched	IGHV3-20*01|IGHJ4*01|9|24487
SRR33336518.558600	background	
SRR33336518.558686	background	
SRR33336518.559010	background	
SRR33336518.559283	enriched	IGHV3-20*01|IGHJ6*01|11|32467
SRR33336518.559292	background	
SRR33336518.559618	background	
SRR33336518.559624	enriched	IGHV4-2*01|IGHJ4*01|14|77687
SRR33336518.559748	enriched	IGHV4-2*01|IGHJ4*01|13|77297
SRR33336518.559751	enriched	IGHV3-20*01|IGHJ4*01|11|24604
SRR33336518.559772	background	
SRR33336518.559820	background	
SRR33336518.560044	enriched	IGHV3-20*01|IGHJ6*01|11|32467
SRR33336518.560062	enriched	IGHV4-2*01|IGHJ4*01|13|77297
SRR33336518.560090	enriched	IGHV3-20*01|IGHJ4*01|10|24515
SRR33336518.560141	enriched	IGHV4-2*01|IGHJ4*01|13|77297
SRR33336518.560226	background	
SRR33336518.560288	enriched	IGHV3-20*01|IGHJ6*01|12|32617
SRR33336518.560308	enriched	IGHV4-2*01|IGHJ4*01|11|76901
SRR33336518.560401	enriched	IGHV3-20*01|IGHJ4*01|11|24604
SRR33336518.560514	enriched	IGHV4-2*01|IGHJ4*01|14|77687
SRR33336518.560638	background	
SRR33336518.560716	enriched	IGHV3-20*01|IGHJ4*01|15|26600
SRR33336518.560970	enriched	IGHV3-20*01|IGHJ4*01|12|24819
SRR33336518.561405	enriched	IGHV3-28*01|IGHJ4*01|12|38869
SRR33336518.561907	enriched	IGHV3-20*01|IGHJ6*01|12|32617
SRR33336518.561923	enriched	IGHV3-20*01|IGHJ6*01|12|32617
SRR33336518.562002	background	
SRR33336518.562381	enriched	IGHV3-20*01|IGHJ6*01|10|32418
SRR33336518.562409	background	
SRR33336518.562473	background	
SRR33336518.562726	enriched	IGHV4-2*01|IGHJ4*01|9|76811
SRR33336518.562817	background	
SRR33336518.562876	enriched	IGHV4-2*01|IGHJ4*01|15|78307
SRR33336518.562920	enriched	IGHV4-2*01|IGHJ4*01|12|77041
SRR33336518.563171	enriched	IGHV4-2*01|IGHJ4*01|10|76837
SRR33336518.563296	enriched	IGHV3-28*01|IGHJ4*01|12|38869
SRR33336518.563394	enriched	IGHV4-2*01|IGHJ4*01|12|77041
SRR33336518.563434	enriched	IGHV4-2*01|IGHJ4*01|13|77297
SRR33336518.563479	enriched	IGHV4-2*01|IGHJ4*01|15|78307
SRR33336518.563542	enriched	IGHV3-20*01|IGHJ4*01|13|25137
SRR33336518.563657	background	
SRR33336518.563772	enriched	IGHV4-2*01|IGHJ4*01|12|77041
SRR33336518.563871	enriched	IGHV3-28*01|IGHJ4*01|11|38703
SRR33336518.563907	background	
SRR33336518.564010	background	
SRR33336518.564453	enriched	IGHV4-2*01|IGHJ4*01|11|76901
SRR33336518.564503	background	
SRR33336518.564527	enriched	IGHV4-2*01|IGHJ4*01|12|77041
SRR33336518.564762	background	
SRR33336518.564806	background	
SRR33336518.565132	background	
SRR33336518.565391	background	
SRR33336518.565474	enriched	IGHV3-20*01|IGHJ4*01|13|25137
SRR33336518.565522	background	
SRR33336518.565740	enriched	IGHV3-20*01|IGHJ4*01|13|25137
SRR33336518.565794	background	
SRR33336518.565833	enriched	IGHV3-20*01|IGHJ4*01|13|25137
SRR33336518.566070	enriched	IGHV3-20*01|IGHJ4*01|13|25137
SRR33336518.566138	enriched	IGHV3-28*01|IGHJ4*01|11|38703
SRR33336518.566214	enriched	IGHV3-20*01|IGHJ4*01|14|25668
SRR33336518.566405	enriched	IGHV4-2*01|IGHJ4*01|11|76901
SRR33336518.566498	background	
SRR33336518.566531	enriched	IGHV4-2*01|IGHJ4*01|14|77687
SRR33336518.566614	enriched	IGHV4-2*01|IGHJ4*01|14|77687
SRR33336518.566644	enriched	IGHV4-2*01|IGHJ4*01|13|77297
SRR33336518.566680	background	
SRR33336518.566996	enriched	IGHV3-20*01|IGHJ4*01|11|24604
SRR33336518.567208	background	
SRR33336518.567339	enriched	IGHV3-20*01|IGHJ6*01|10|32418
SRR33336518.567452	enriched	IGHV4-2*01|IGHJ4*01|10|76837
SRR33336518.567472	enriched	IGHV4-2*01|IGHJ4*01|11|76901
SRR33336518.567521	enriched	IGHV3-20*01|IGHJ4*01|9|24487
SRR33336518.567592	enriched	IGHV4-2*01|IGHJ6*01|11|81745
SRR33336518.567810	enriched	IGHV3-20*01|IGHJ4*01|12|24819
SRR33336518.567996	enriched	IGHV3-28*01|IGHJ4*01|12|38869
SRR33336518.568120	enriched	IGHV3-20*01|IGHJ4*01|12|24819
SRR33336518.568250	background	
SRR33336518.568323	background	
SRR33336518.568526	enriched	IGHV4-2*01|IGHJ4*01|15|78307
SRR33336518.568542	enriched	IGHV3-28*01|IGHJ4*01|12|38869
SRR33336518.568576	enriched	IGHV4-2*01|IGHJ4*01|9|76811
SRR33336518.568579	background	
SRR33336518.568664	background	
SRR33336518.569101	enriched	IGHV3-20*01|IGHJ6*01|11|32467
SRR33336518.569555	enriched	IGHV3-20*01|IGHJ6*01|11|32467
SRR33336518.569677	background	
SRR33336518.569808	background	
SRR33336518.569827	enriched	IGHV4-2*01|IGHJ4*01|13|77297
SRR33336518.569834	background	
SRR33336518.569846	enriched	IGHV4-2*01|IGHJ4*01|13|77297
SRR33336518.569919	background	
SRR33336518.570247	enriched	IGHV3-20*01|IGHJ6*01|12|32617
SRR33336518.570257	enriched	IGHV4-2*01|IGHJ4*01|14|77687
SRR33336518.570329	enriched	IGHV4-2*01|IGHJ4*01|12|77041
SRR33336518.570440	enriched	IGHV3-20*01|IGHJ4*01|11|24604
SRR33336518.570442	enriched	IGHV3-20*01|IGHJ4*01|12|24819
SRR33336518.570447	enriched	IGHV3-20*01|IGHJ4*01|10|24515
SRR33336518.570527	enriched	IGHV4-2*01|IGHJ4*01|10|76837
SRR33336518.570617	enriched	IGHV3-20*01|IGHJ6*01|10|32418
SRR33336518.570619	enriched	IGHV4-2*01|IGHJ4*01|13|77297
SRR33336518.570856	enriched	IGHV3-20*01|IGHJ4*01|9|24487
SRR33336518.570872	enriched	IGHV4-2*01|IGHJ4*01|12|77041
SRR33336518.570924	enriched	IGHV3-28*01|IGHJ4*01|12|38869
SRR33336518.571048	enriched	IGHV3-28*01|IGHJ4*01|12|38869
SRR33336518.571069	enriched	IGHV4-2*01|IGHJ4*01|11|76901
SRR33336518.571306	enriched	IGHV3-20*01|IGHJ4*01|9|24487
SRR33336518.571332	enriched	IGHV4-2*01|IGHJ4*01|10|76837
SRR33336518.571392	background	
SRR33336518.571473	background	
SRR33336518.571608	enriched	IGHV4-2*01|IGHJ4*01|13|77297
SRR33336518.571697	background	
SRR33336518.571732	enriched	IGHV3-28*01|IGHJ4*01|11|38703
SRR33336518.571780	enriched	IGHV3-20*01|IGHJ6*01|11|32467
SRR33336518.571889	enriched	IGHV3-20*01|IGHJ4*01|12|24819
SRR33336518.571904	background	
SRR33336518.571989	enriched	IGHV3-20*01|IGHJ4*01|11|24604
SRR33336518.572005	background	
SRR33336518.572029	enriched	IGHV3-20*01|IGHJ4*01|10|24515
SRR33336518.572057	enriched	IGHV4-2*01|IGHJ4*01|15|78307
SRR33336518.572531	background	
SRR33336518.572617	background	
SRR33336518.572623	background	
SRR33336518.572773	enriched	IGHV4-2*01|IGHJ6*01|11|81745
SRR33336518.572787	enriched	IGHV3-20*01|IGHJ6*01|10|32418
SRR33336518.572856	enriched	IGHV4-2*01|IGHJ4*01|12|77041
SRR33336518.572939	enriched	IGHV3-28*01|IGHJ4*01|12|38869
SRR33336518.573206	enriched	IGHV3-20*01|IGHJ6*01|11|32467
SRR33336518.573358	enriched	IGHV3-28*01|IGHJ4*01|11|38703
SRR33336518.573486	enriched	IGHV3-20*01|IGHJ6*01|11|32467
SRR33336518.573562	background	
SRR33336518.573612	enriched	IGHV4-2*01|IGHJ4*01|11|76901
SRR33336518.573618	background	
SRR33336518.573777	background	
SRR33336518.574424	enriched	IGHV4-2*01|IGHJ4*01|14|77687
SRR33336518.574576	enriched	IGHV3-20*01|IGHJ6*01|12|32617
SRR33336518.574583	background	
SRR33336518.574667	enriched	IGHV3-20*01|IGHJ4*01|11|24604
SRR33336518.574765	enriched	IGHV4-2*01|IGHJ4*01|11|76901
SRR33336518.574798	background	
SRR33336518.574815	background	
SRR33336518.574969	background	
SRR33336518.575016	background	
SRR33336518.575074	enriched	IGHV3-20*01|IGHJ4*01|15|26600
SRR33336518.575107	enriched	IGHV4-2*01|IGHJ4*01|13|77297
SRR33336518.575132	enriched	IGHV3-20*01|IGHJ4*01|12|24819
SRR33336518.575146	background	
SRR33336518.575320	enriched	IGHV3-20*01|IGHJ4*01|15|26600
SRR33336518.575405	enriched	IGHV4-2*01|IGHJ4*01|9|76811
SRR33336518.575566	enriched	IGHV3-20*01|IGHJ4*01|15|26600
SRR33336518.575701	enriched	IGHV4-2*01|IGHJ4*01|9|76811
SRR33336518.575729	enriched	IGHV3-20*01|IGHJ6*01|11|32467
SRR33336518.575847	enriched	IGHV4-2*01|IGHJ4*01|15|78307
SRR33336518.575962	enriched	IGHV4-2*01|IGHJ6*01|11|81745
SRR33336518.576085	enriched	IGHV3-28*01|IGHJ4*01|12|38869
SRR33336518.576430	background	
SRR33336518.576482	enriched	IGHV3-20*01|IGHJ4*01|13|25137
SRR33336518.576621	enriched	IGHV4-2*01|IGHJ4*01|14|77687
SRR33336518.576820	enriched	IGHV3-20*01|IGHJ4*01|13|25137
SRR33336518.576943	background	
SRR33336518.577195	background	
SRR33336518.577232	enriched	IGHV3-20*01|IGHJ4*01|12|24819
SRR33336518.577255	enriched	IGHV3-20*01|IGHJ4*01|13|25137
SRR33336518.577256	background	
SRR33336518.577414	enriched	IGHV3-20*01|IGHJ4*01|11|24604
SRR33336518.577424	enriched	IGHV4-2*01|IGHJ4*01|10|76837
SRR33336518.577514	enriched	IGHV4-2*01|IGHJ6*01|11|81745
SRR33336518.577656	enriched	IGHV4-2*01|IGHJ4*01|14|77687
SRR33336518.577764	enriched	IGHV4-2*01|IGHJ4*01|12|77041
SRR33336518.577795	enriched	IGHV3-20*01|IGHJ6*01|12|32617
SRR33336518.577810	enriched	IGHV4-2*01|IGHJ4*01|13|77297
SRR33336518.577827	background	
SRR33336518.577848	enriched	IGHV4-2*01|IGHJ4*01|11|76901
SRR33336518.577965	enriched	IGHV4-2*01|IGHJ4*01|13|77297
SRR33336518.578112	enriched	IGHV3-28*01|IGHJ4*01|11|38703
SRR33336518.578603	background	
SRR33336518.578622	background	
SRR33336518.578707	background	
SRR33336518.578755	background	
SRR33336518.578927	enriched	IGHV3-20*01|IGHJ4*01|14|25668
SRR33336518.578964	enriched	IGHV4-2*01|IGHJ4*01|11|76901
SRR33336518.578993	enriched	IGHV3-20*01|IGHJ6*01|12|32617
SRR33336518.579083	enriched	IGHV3-20*01|IGHJ6*01|12|32617
SRR33336518.579276	background	
SRR33336518.579309	background	
SRR33336518.579318	background	
SRR33336518.579329	enriched	IGHV4-2*01|IGHJ4*01|15|78307
SRR33336518.579382	background	
SRR33336518.579602	background	
SRR33336518.579721	background	
SRR33336518.579814	background	
SRR33336518.580053	enriched	IGHV3-20*01|IGHJ4*01|14|25668
SRR33336518.580226	background	
SRR33336518.580273	enriched	IGHV3-20*01|IGHJ4*01|9|24487
SRR33336518.580316	background	
SRR33336518.580533	enriched	IGHV4-2*01|IGHJ4*01|10|76837
SRR33336518.580580	enriched	IGHV3-20*01|IGHJ4*01|10|24515
SRR33336518.580701	background	
SRR33336518.580716	enriched	IGHV3-20*01|IGHJ6*01|10|32418
SRR33336518.580729	background	
SRR33336518.581030	enriched	IGHV3-28*01|IGHJ4*01|12|38869
SRR33336518.581257	enriched	IGHV3-20*01|IGHJ4*01|9|24487
SRR33336518.581287	background	
